current,label
0.0,0
3.0931606138886893,0
5.882939652008052,0
8.09571163340744,0
9.514444746831767,0
9.999987638285974,0
9.504717573001114,0
8.077211340738067,0
5.857480775418393,0
3.063240196067833,0
-0.0314473220773644,0
-3.123050442314895,0
-5.908340350059581,0
-8.114131864628659,0
-9.524077828844517,0
-9.99988874475714,0
-9.494896403548132,0
-8.058631169576696,0
-5.8319639720627325,0
-3.033289484746265,0
0.0628943331606791,0
3.152909385755018,0
5.933682618376205,0
8.13247185223733,0
9.533616723774294,0
9.99969095867747,0
9.484981335597952,0
8.039971303669398,0
5.806389494286054,0
3.003308776117511,0
-0.09434072225897,0
-3.1827371489230964,0
-5.958966206338979,0
-8.15073141486262,0
-9.543061337287485,0
-9.999394282002935,0
-9.474972467204296,0
-8.021231927550442,0
-5.7807575950037045,0
-2.9732983666717114,0
0.1257861783874138,0
3.212533436841432,0
5.984190863909257,0
8.168910371929062,0
9.55241157598287,0
9.998998717667488,0
9.464869897348525,0
8.002413226540313,0
5.755068527698897,0
2.9432585531928224,0
-0.1572303905703963,0
-3.242297954843722,0
-6.009356341631232,0
-8.187008543658278,0
-9.561667347392516,0
-9.998504269583004,0
-9.454673725938632,0
-7.983515386744061,0
-5.72932254642021,0
-2.913189632755459,0
0.1886730478446758,0
3.272030408577713,0
6.03446239063428,0
8.205025751070863,0
9.57082855998271,0
9.997910942639262,0
9.444384053808292,0
7.964538595049282,0
5.7035199057790384,0
2.8830919027222213,0
-0.2201138392622991,0
-3.301730504008348,0
-6.059508762635486,0
-8.222961815988112,0
-9.579895123154886,0
-9.997218742703888,0
-9.43400098271581,0
-7.945483039124438,0
-5.677660860947058,0
-2.8529656607405176,0
0.251552453893765,0
3.331397947420607,0
6.084495209942162,0
8.240816561033652,0
9.588866947246489,0
9.9964276766223,0
9.423524615343178,0
7.926348907416859,0
5.651745667653922,0
2.8228112047397187,0
-0.2829885808311705,0
-3.3610324454221763,0
-6.109421485454235,0
-8.258589809635431,0
-9.597743943531896,0
-9.99553775221764,0
-9.412955055295033,0
-7.907136389150938,0
-5.625774582184379,0
-2.792628832928284,0
0.3144219091911787,0
3.390633704946752,0
6.134287342666639,0
8.276281386027321,0
9.606526024223212,0
9.994548978290693,0
9.402292407097592,0
7.887845674326325,0
5.599747861375917,0
2.762418843790778,0
-0.3458521281181999,0
-3.4202014332567043,0
-6.159092535671803,0
-8.293891115250828,0
-9.615213102471252,0
-9.993461364619808,0
-9.391536776197686,0
-7.868476953715922,0
-5.573665762616399,0
-2.732181536084709,0
0.3772789267871816,0
3.4497353379459064,0
6.183836819162147,0
8.311418823156927,0
9.623805092366348,0
9.992274921960792,0
9.380688268961674,0
7.849030418864077,0
5.547528543841162,0
2.70191720883782,0
-0.4087019944071797,0
-3.479235126942824,0
-6.208519948432417,0
-8.328864336407717,0
-9.632301908939134,0
-9.990989662046816,0
-9.3697469926744,0
-7.82950626208463,0
-5.521336463530709,0
-2.671626161345228,0
0.4401210202238636,0
3.508700508513341,0
6.233141679382134,0
8.346227482478145,0
9.64070346816151,0
9.989605597588271,0
9.358713055538097,0
7.809904676459184,0
5.49508978070808,0
2.641308693166094,0
-0.4715356935230866,0
-3.538131191263407,0
-6.257701768518068,0
-8.363508089657763,0
-9.64900968694739,0
-9.988122742272692,0
-9.347586566671492,0
-7.790225855834887,0
-5.468788754936308,0
-2.61096510412093,0
0.502945703633675,0
3.567526884142321,0
6.282199972956475,0
8.380705987052258,0
9.65722048315354,0
9.986541110764566,0
9.33636763610845,0
7.770469994822871,0
5.442433646315839,0
2.580595694288497,0
-0.5343507399305704,0
-3.5968872964453453,0
-6.3066360504256105,0
-8.39782100458542,0
-9.665335775580404,0
-9.984860718705228,0
-9.32505637479707,0
-7.750637288796013,0
-5.416024715481903,0
-2.550200764003116,0
0.5657504918379028,0
3.626212137816642,0
6.3310097592682375,0
8.414852973000515,0
9.673355483972909,0
9.983081582712682,0
9.313652894598544,0
7.730727933887183,0
5.3895622236021214,0
2.5197806138512115,0
-0.5971446488320612,0
-3.655501118252147,0
-6.355320858443853,0
-8.431801723862227,0
-9.681279529021188,0
-9.981203720381464,0
-9.30215730828605,0
-7.710742126987266,0
-5.363046432373796,0
-2.489335544668892,0
0.6285329004447648,0
3.68475394810244,0
6.379569107531118,0
8.448667089558173,0
9.68910783236151,0
9.97922715028243,0
9.290569729543614,0
7.690680065743151,0
5.336477604021209,0
2.4588658575384947,0
-0.6599149362662045,0
-3.713970338075673,0
-6.403754266730246,0
-8.46544890330059,0
-9.696840316576868,0
-9.97715189196262,0
-9.27889027296506,0
-7.670541948556027,0
-5.309856001293264,0
-2.428371853785811,0
0.6912904459478988,0
3.743149999240231,0
6.42787609686542,0
8.482146999128037,0
9.704476905197977,0
9.974977965944996,0
9.26711905405285,0
7.650327974578905,0
5.283181887460529,0
2.3978538349773846,0
-0.7226591192058357,0
-3.772292643027659,0
-6.451934359386894,0
-8.498761211906832,0
-9.712017522703746,0
-9.972705393728322,0
-9.25525618921676,0
-7.630038343715243,0
-5.256455526313296,0
-2.36731210291677,0
0.7540206458240356,0
3.801397981235977,0
6.475928816373942,0
8.51529137733311,0
9.719462094522331,0
9.970334197786904,0
9.243301795773096,0
7.609673256616702,0
5.229677182157947,0
2.3367469596425825,0
-0.7853747156567698,0
-3.830465726031737,0
-6.499859230536401,0
-8.531737331933954,0
-9.726810547031576,0
-9.96786440157034,0
-9.231255991943115,0
-7.589232914680974,0
-5.202847119815787,0
-2.306158707424407,0
0.8167210186321939,0
3.859495589953266,0
6.523725365217885,0
8.54809891306924,0
9.734062807560017,0
9.96529602950336,0
9.219118896852278,0
7.568717520049967,0
5.175965604618735,0
2.2755476487609148,0
-0.8480592447551316,0
-3.888487285913904,0
-6.547526984397259,0
-8.564375958933466,0
-9.741218804387364,0
-9.962629106985544,0
-9.206890630528637,0
-7.54812727560791,0
-5.149032902408153,0
-2.2449140863757644,0
0.8793890841107062,0
3.917440527203921,0
6.571263852691943,0
8.58056830855691,0
9.748278466745324,0
9.959863660391038,0
9.194571313902092,0
7.527462384979526,0
5.122049279531123,0
2.214258323215716,0
-0.910710226866414,0
-3.946355027494406,0
-6.594935735359058,0
-8.596675801807441,0
-9.75524172481838,0
-9.95699971706838,0
-9.18216106880276,0
-7.506723052527187,0
-5.095015002838787,0
-2.183580662446526,0
0.9420223632763224,0
3.9752305008390474,0
6.618542398298713,0
8.612698279392324,0
9.7621085097443,0
9.954037305340124,0
9.16966001796013,0
7.485909483349907,0
5.067930339682734,0
2.152881407450783,0
-0.9733251836829986,0
-4.004066661678005,0
-6.642083608056212,0
-8.628635582859284,0
-9.768878753614942,0
-9.950976454502651,0
-9.157068285001724,0
-7.465021883280485,0
-5.040795557913331,0
-2.1221608618250447,0
1.0046183785217055,0
4.032863224839699,0
6.665559131823726,0
8.64448755459865,0
9.775552389476893,0
9.947817194825854,0
9.144385994451667,0
7.444060458884213,0
5.0136109258760975,0
2.0914193293755865,0
-1.0359016383223316,0
-4.061619905544659,0
-6.6889687374434414,0
-8.660254037844343,0
-9.782129351332092,0
-9.944559557552772,0
-9.13161327172988,0
-7.42302541745608,0
-4.986376712409906,0
-2.0606571141169248,0
1.0671746537135816,0
4.090336419407573,0
6.712312193409009,0
8.675934876675996,0
9.788609574138636,0
9.9412035748994,0
9.118750243150304,0
7.401916967019386,0
4.959093186843963,0
2.029874520267559,0
-1.098437115424905,0
-4.119012482439961,0
-6.73558926886868,0
-8.691529916019928,0
-9.794992993811167,0
-9.93774928005424,0
-9.10579703592036,0
-7.3807353163234,0
-4.931760618994765,0
-1.999071852248078,0
1.129688714290687,0
4.147647811054154,0
6.758799733626747,0
8.707039001651243,0
9.801279547221778,0
9.934196707178115,0
9.092753778138864,0
7.359480674841007,0
4.9043792791641785,0
1.9682494146770333,0
-1.1609291412523146,0
-4.176242122064673,0
-6.781943358146661,0
-8.722461980194925,0
-9.807469172200392,0
-9.93054589140368,0
-9.07962059879542,0
-7.338153252767309,0
-4.876949438136272,0
-1.9374075123690415,0
1.1921580873616586,0
4.204795132692196,0
6.805019913552456,0
8.737798699127305,0
9.8135618075356,0
9.926796868835217,0
9.066397627768888,0
7.31675326101678,0
4.849471367174881,0
1.9065464503306575,0
-1.2233752437845509,0
-4.233306560565317,0
-6.8280291716318615,0
-8.753049006778175,0
-9.819557392975057,0
-9.922949676548145,0
-9.05308499582594,0
-7.295280911221941,0
-4.821945338020433,0
-1.8756665337583307,0
1.254580301802852,0
4.261776123724374,0
6.850970904837716,0
8.76821275233154,0
9.825455869226277,0
9.919004352588752,0
9.03968283462017,0
7.273736415730506,0
4.794371622888006,0
1.8447680680348293,0
-1.285772952818773,0
-4.290203540623335,0
-6.8738448862911525,0
-8.783289785827716,0
-9.83125717795705,0
-9.91496093597384,0
-9.026191276690325,0
-7.2521199876039555,0
-4.76675049446426,0
-1.8138513587265035,0
1.3169528883562351,0
4.318588530132964,0
6.896650889782605,0
8.798279958164281,0
9.836961261796096,0
9.910819466690205,0
9.012610455459471,0
7.230431840615137,0
4.739082225904495,0
1.7829167115798386,0
-1.3481198000657542,0
-4.346930811543868,0
-6.919388689775589,0
-8.813183121098016,0
-9.842568064333664,0
-9.906579985694297,0
-8.998940505233243,0
-7.208672189245759,0
-4.711367090830069,0
-1.7519644325188557,0
1.379273379726642,0
4.375230104569131,0
6.94205806140729,0
8.827999127246235,0
9.848077530122094,0
9.902242534911975,0
8.98518156119865,0
7.186841248685352,0
4.683605363326572,0
1.720994827641663,0
-1.410413319249212,0
-4.403486129346202,0
-6.964658780492218,0
-8.842727830087775,0
-9.853489604676165,0
-9.897807157237835,0
-8.971333759423155,0
-7.1649392348278615,0
-4.655797317939617,0
-1.6900082032185502,0
1.441539310679515,0
4.431698606441191,0
6.987190623523612,0
8.85736908396525,0
9.85880423447394,0
9.893273896534952,0
8.957397236852607,0
7.142966364270103,0
4.627943229673114,0
1.6590048656869991,0
-1.4726510462015374,0
-4.459867256850612,0
-7.009653367676053,0
-8.871922744086087,0
-9.86402136695716,0
-9.888642797634343,0
-8.943372131310367,0
-7.1209228543102085,0
-4.600043373986059,0
-1.6279851216508958,0
1.503748218139406,0
4.4879918020046485,0
7.032046790806854,0
8.886388666523565,0
9.869140950531602,0
9.883913906334728,0
8.929258581495692,0
7.098808922944302,0
4.572098026790819,0
1.5969492778755336,0
-1.5348305189621143,0
-4.516071963768899,0
-7.054370671459484,0
-8.900766708219024,0
-9.874162934567876,0
-9.879087269401795,0
-8.915056726982757,0
-7.076624788865122,0
-4.544107464448881,0
-1.5658976412854226,0
1.5658976412857226,0
4.5441074644488975,0
7.076624788865136,0
8.915056726982765,0
9.879087269401754,0
9.874162934567872,0
8.900766708219015,0
7.05437067145947,0
4.516071963769136,0
1.534830518962376,0
-1.5969492778755532,0
-4.572098026790837,0
-7.098808922944315,0
-8.929258581495699,0
-9.883913906334689,0
-9.869140950531598,0
-8.886388666523557,0
-7.032046790806841,0
-4.487991802004632,0
-1.5037482181393866,0
1.6279851216511956,0
4.600043373986077,0
7.120922854310222,0
8.943372131310248,0
9.888642797634349,0
9.864021366957113,0
8.871922744086078,0
7.009653367676039,0
4.459867256850848,0
1.472651046201518,0
-1.659004865687299,0
-4.627943229673131,0
-7.142966364270116,0
-8.95739723685249,0
-9.893273896534913,0
-9.858804234473936,0
-8.85736908396524,0
-6.987190623523598,0
-4.4316986064414285,0
-1.4415393106797767,0
1.6900082032185693,0
4.6557973179396335,0
7.164939234827875,0
8.97133375942304,0
9.8978071572378,0
9.85348960467616,0
8.842727830087764,0
6.964658780492204,0
4.403486129346184,0
1.4104133192489112,0
-1.7209948276416822,0
-4.68360536332659,0
-7.186841248685365,0
-8.985181561198658,0
-9.90224253491202,0
-9.84807753012209,0
-8.827999127246226,0
-6.942058061407276,0
-4.3752301045691135,0
-1.379273379726341,0
1.751964432518875,0
4.711367090830086,0
7.208672189245772,0
8.99894050523313,0
9.906579985694338,0
9.842568064333662,0
8.813183121098007,0
6.919388689775577,0
4.346930811544106,0
1.3481198000657344,0
-1.782916711579858,0
-4.739082225904512,0
-7.230431840614954,0
-9.012610455459356,0
-9.910819466690205,0
-9.836961261796093,0
-8.79827995816427,0
-6.896650889782592,0
-4.318588530133203,0
-1.3169528883562156,0
1.8138513587265224,0
4.766750494464278,0
7.252119987603969,0
9.026191276690334,0
9.914960935973882,0
9.831257177957047,0
8.783289785827705,0
6.873844886291139,0
4.290203540623317,0
1.2857729528184714,0
-1.8447680680348488,0
-4.794371622888024,0
-7.273736415730423,0
-9.039682834620116,0
-9.919004352588791,0
-9.825455869226246,0
-8.768212752331598,0
-6.850970904837909,0
-4.261776123724486,0
-1.2545803018028323,0
1.8756665337584888,0
4.821945338020326,0
7.295280911221759,0
9.053084995825886,0
9.922949676548146,0
9.819557392975051,0
8.753049006778097,0
6.828029171632055,0
4.233306560565299,0
1.2233752437845316,0
-1.906546450330677,0
-4.849471367174898,0
-7.316753261016792,0
-9.066397627769016,0
-9.926796868835202,0
-9.813561807535596,0
-8.737798699127294,0
-6.805019913552545,0
-4.20479513269192,0
-1.1921580873617803,0
1.9374075123689216,0
4.876949438136289,0
7.338153252767228,0
9.079620598795549,0
9.9305458914037,0
9.807469172200417,0
8.722461980194915,0
6.781943358146751,0
4.176242122064526,0
1.160929141252154,0
-1.968249414677192,0
-4.904379279164072,0
-7.359480674840925,0
-9.092753778138931,0
-9.93419670717812,0
-9.801279547221746,0
-8.707039001651372,0
-6.758799733626942,0
-4.147647811054006,0
-1.1296887142906675,0
1.9990718522480972,0
4.931760618994781,0
7.380735316323221,0
9.105797035920366,0
9.937749280054245,0
9.794992993811162,0
8.691529916019988,0
6.735589268868876,0
4.119012482439684,0
1.0984371154250268,0
-2.0298745202675783,0
-4.959093186843856,0
-7.4019169670194,0
-9.118750243150428,0
-9.941203574899385,0
-9.788609574138633,0
-8.675934876676056,0
-6.7123121934091,0
-4.090336419407297,0
-1.0671746537134206,0
2.060657114116805,0
4.9863767124098,0
7.423025417455999,0
9.131613271729888,0
9.94455955755279,0
9.78212935133212,0
8.660254037844474,0
6.688968737443533,0
4.061619905544641,0
1.035901638322312,0
-2.0914193293757446,0
-5.013610925875868,0
-7.444060458884037,0
-9.144385994451676,0
-9.947817194825856,0
-9.775552389476855,0
-8.64448755459864,0
-6.6655591318235,0
-4.032863224839811,0
-1.0046183785216862,0
2.122160861825064,0
5.040795557913226,0
7.465021883280687,0
9.157068285001674,0
9.950976454502657,0
9.768878753614938,0
8.628635582859346,0
6.6420836080559855,0
4.004066661677857,0
0.9733251836831204,0
-2.1528814074508023,0
-5.067930339682628,0
-7.485909483350014,0
-9.169660017960195,0
-9.95403730534014,0
-9.762108509744326,0
-8.612698279392387,0
-6.618542398298591,0
-3.975230500839028,0
-0.9420223632761614,0
2.183580662446268,0
5.09501500283856,0
7.506723052527294,0
9.182161068802769,0
9.95699971706838,0
9.755241724818376,0
8.596675801807578,0
6.594935735358936,0
3.946355027494388,0
0.9107102268663946,0
-2.214258323215596,0
-5.122049279530896,0
-7.52746238497954,0
-9.194571313902046,0
-9.95986366039104,0
-9.74827846674535,0
-8.580568308556899,0
-6.571263852691715,0
-3.917440527204034,0
-0.8793890841106866,0
2.244914086375645,0
5.149032902408049,0
7.548127275608109,0
9.2068906305287,0
9.962629106985531,0
9.741218804387392,0
8.564375958933528,0
6.547526984397245,0
3.888487285913755,0
0.8480592447552536,0
-2.275547648760657,0
-5.1759656046186295,0
-7.56871752004998,0
-9.219118896852285,0
-9.965296029503373,0
-9.734062807560075,0
-8.548098913069229,0
-6.523725365217871,0
-3.859495589953248,0
-0.8167210186320327,0
2.306158707424426,0
5.202847119816046,0
7.589232914680894,0
9.231255991943122,0
9.967864401570342,0
9.726810547031604,0
8.531737331933794,0
6.499859230536495,0
3.8304657260317194,0
0.7853747156567502,0
-2.3367469596424635,0
-5.2296771821582055,0
-7.609673256616808,0
-9.24330179577305,0
-9.970334197786894,0
-9.719462094522362,0
-8.515291377333025,0
-6.47592881637382,0
-3.8013979812360894,0
-0.7540206458241576,0
2.3673121029166517,0
5.256455526313313,0
7.630038343715348,0
9.25525618921682,0
9.972705393728312,0
9.71201752270381,0
8.498761211906823,0
6.451934359386879,0
3.772292643027641,0
0.722659119205816,0
-2.397853834977128,0
-5.283181887460545,0
-7.650327974578918,0
-9.267119054052856,0
-9.974977965944998,0
-9.704476905198035,0
-8.482146999128027,0
-6.427876096865406,0
-3.743149999240212,0
-0.6912904459478793,0
2.42837185378583,0
5.309856001293401,0
7.6705419485559485,0
9.278890272965068,0
9.97715189196261,0
9.696840316576898,0
8.465448903300505,0
6.403754266730122,0
3.713970338075786,0
0.6599149362663266,0
-2.458865857538376,0
-5.336477604021345,0
-7.690680065743255,0
-9.29056972954357,0
-9.97922715028242,0
-9.68910783236154,0
-8.448667089558125,0
-6.379569107531048,0
-3.6847539481024216,0
-0.628532900445029,0
2.4893355446687044,0
5.3630464323738725,0
7.710742126987277,0
9.302157308286056,0
9.981203720381448,0
9.681279529021182,0
8.431801723862216,0
6.355320858443838,0
3.655501118252195,0
0.5971446488321126,0
-2.519780613851505,0
-5.389562223602137,0
-7.730727933887151,0
-9.313652894598524,0
-9.983081582712678,0
-9.67335548397292,0
-8.41485297300039,0
-6.331009759268278,0
-3.626212137816491,0
-0.5657504918380251,0
2.5502007640032724,0
5.416024715481801,0
7.750637288796115,0
9.325056374797024,0
9.984860718705232,0
9.665335775580306,0
8.397821004585332,0
6.3066360504257055,0
3.596887296445261,0
0.5343507399307637,0
-2.580595694288585,0
-5.442433646315616,0
-7.770469994822927,0
-9.33636763610838,0
-9.986541110764568,0
-9.65722048315346,0
-8.380705987052247,0
-6.282199972956626,0
-3.567526884142303,0
-0.5029457036339392,0
2.61096510412088,0
5.468788754936504,0
7.790225855834899,0
9.3475865666714,0
9.98812274227269,0
9.649009686947329,0
8.363508089657792,0
6.257701768517887,0
3.5381311912634548,0
0.4715356935234219,0
-2.641308693165976,0
-5.495089780708216,0
-7.809904676459107,0
-9.358713055538178,0
-9.989605597588268,0
-9.640703468161467,0
-8.346227482478252,0
-6.233141679382063,0
-3.5087005085134555,0
-0.4401210202242699,0
2.6716261613450416,0
5.521336463530783,0
7.829506262084509,0
9.369746992674408,0
9.990989662046829,0
9.632301908939109,0
8.328864336407863,0
6.208519948432402,0
3.479235126943072,0
0.4087019944070891,0
-2.701917208838112,0
-5.547528543841179,0
-7.849030418863868,0
-9.380688268961656,0
-9.992274921960805,0
-9.623805092366345,0
-8.311418823156798,0
-6.183836819162187,0
-3.449735337946221,0
-0.3772789267872329,0
2.732181536084865,0
5.573665762616357,0
7.868476953716021,0
9.391536776197643,0
9.993461364619815,0
9.615213102471284,0
8.293891115250737,0
6.159092535671899,0
3.420201433256552,0
0.3458521281177542,0
-2.762418843790865,0
-5.599747861375816,0
-7.887845674326382,0
-9.402292407097526,0
-9.994548978290696,0
-9.606526024223266,0
-8.276281386027271,0
-6.134287342666792,0
-3.3906337049467,0
-0.314421909190875,0
2.792628832928337,0
5.62577458218416,0
7.907136389150951,0
9.41295505529494,0
9.99553775221764,0
9.597743943531812,0
8.258589809635438,0
6.109421485454472,0
3.361032445422192,0
0.2829885808309378,0
-2.8228112047396694,0
-5.651745667654114,0
-7.926348907416807,0
-9.423524615343066,0
-9.996427676622297,0
-9.588866947246444,0
-8.240816561033702,0
-6.084495209942034,0
-3.331397947420689,0
-0.2515524538936033,0
2.8529656607403657,0
5.677660860947191,0
7.945483039124342,0
9.434000982715665,0
9.997218742703884,0
9.57989512315486,0
8.222961815988203,0
6.059508762635414,0
3.3017305040085643,0
0.2201138392622084,0
-2.883091902722002,0
-5.703519905779055,0
-7.964538595049143,0
-9.4443840538083,0
-9.997910942639267,0
-9.570828559982704,0
-8.205025751071034,0
-6.034462390634264,0
-3.2720304085774594,0
-0.1886730478446917,0
2.9131896327557154,0
5.729322546420168,0
7.983515386743859,0
9.454673725938616,0
9.998504269583009,0
9.56166734739253,0
8.187008543658166,0
6.009356341631302,0
3.2422979548435347,0
0.1572303905705188,0
-2.9432585531929774,0
-5.755068527698796,0
-8.00241322654007,0
-9.464869897348478,0
-9.99899871766749,0
-9.552411575982916,0
-8.168910371928988,0
-5.984190863909412,0
-3.212533436841346,0
-0.1257861783876073,0
2.9732983666717985,0
5.780757595003533,0
8.021231927550474,0
9.474972467204406,0
9.999394282002935,0
9.543061337287565,0
8.150731414862607,0
5.958966206339191,0
3.182737148923078,0
0.0943407222586839,0
-3.003308776117496,0
-5.80638949428581,0
-8.03997130366939,0
-9.48498133559803,0
-9.99969095867747,0
-9.533616723774225,0
-8.132471852237366,0
-5.933682618376489,0
-3.1529093857551005,0
-0.0628943331604818,0
3.0332894847461738,0
5.831963972062878,0
8.058631169576623,0
9.494896403548184,0
9.99988874475714,0
9.52407782884447,0
8.114131864628746,0
5.908340350059937,0
3.123050442315054,0
0.0314473220772559,0
-3.063240196067658,0
-5.857480775418466,0
-8.077211340738284,0
-9.504717573001138,0
-9.999987638285974,0
-9.51444474683175,0
-8.09571163340758,0
-5.882939652008021,0
-3.093160613888392,0
1.9643867237284722e-14,0
0.3427283168771795,1
0.6730484773477898,1
5.231747855787752,1
7.107357253652591,1
8.81752759574178,1
9.39573757851865,1
10.679207716981004,1
7.840458373853128,1
5.479958683085333,1
2.7466744680627726,1
2.8854655207720894,1
-1.8252739700313496,1
-6.830335103286542,1
-7.703890886068843,1
-9.977414773621923,1
-11.712228071964034,1
-9.228364557866694,1
-6.1208299388194085,1
-7.043065372166646,1
-1.449018377173417,1
-1.1118889574905757,1
4.242719746277628,1
4.186918386685584,1
8.070007680008827,1
8.34446420948984,1
10.446056839307529,1
9.38406149145433,1
9.100345116721442,1
6.378407071526717,1
3.1807608899788464,1
0.7372275514655606,1
-3.0234730547357125,1
-4.68871156849759,1
-10.711071304324292,1
-8.93627351516207,1
-10.157450051837454,1
-10.27938093209462,1
-8.7334743168961,1
-5.6711011015584125,1
-6.691826092903664,1
-0.0517303803507982,1
0.9973651193013984,1
4.762964982139996,1
3.123039738684642,1
10.865015775359891,1
10.998709127253056,1
9.782379002321406,1
9.343529750779012,1
4.386297590404117,1
4.453742555225829,1
-0.9992601581353984,1
-3.2472702715777886,1
-6.020882325321038,1
-8.232742108339146,1
-8.066547528233754,1
-10.452286916589376,1
-8.44851126077259,1
-5.458127866117282,1
-7.291522315180584,1
0.4690426867322541,1
1.1404344221820502,1
1.659135456692228,1
6.570394218207723,1
9.747906340333204,1
9.62952006789977,1
8.08405147813549,1
8.132327270081547,1
6.269264163131028,1
7.458987724256793,1
2.187424682629977,1
0.4676712923391041,1
-0.8481128095136174,1
-6.412370320695084,1
-7.870789510769203,1
-10.538558871958143,1
-10.242751047892623,1
-10.297810046096112,1
-7.978226042753411,1
-3.6602406936537735,1
-4.325489130397815,1
-0.0243906899313059,1
3.729804408688153,1
7.731621952711915,1
8.621684787467712,1
9.015528193629942,1
10.52011310365074,1
11.081318733100137,1
5.3636632713166925,1
5.251718476555213,1
3.6309322250064455,1
1.7055467936370163,1
-1.6401324976572522,1
-5.373762637710764,1
-10.704623157397243,1
-6.181847751425513,1
-11.862024206950997,1
-8.649253090625686,1
-8.397773843206085,1
-5.250575885007883,1
-3.319343955009908,1
-1.683326382569092,1
2.4989440633069124,1
7.813645400844589,1
9.105119893844378,1
8.255421040546535,1
9.30866595347528,1
8.588415015811794,1
7.12860528926212,1
4.875007482621809,1
2.624291304669047,1
-2.566157721329869,1
-2.430872766990148,1
-5.307661440153008,1
-6.400882348472644,1
-11.115832436122565,1
-11.873087089777798,1
-9.19599709557627,1
-8.644759761485776,1
-4.441920687920325,1
-5.179499608746836,1
1.2683106810506124,1
5.09033752673803,1
7.989629983317073,1
9.908852948769,1
8.153124280981936,1
10.134305976545276,1
7.462540994169849,1
10.37997973513176,1
4.847732138269146,1
4.112328554815126,1
0.8969791956000019,1
-1.7498388745558509,1
-7.756502451976416,1
-7.461869385274071,1
-6.224080853700741,1
-10.163327091309416,1
-8.9169301994273,1
-8.534820103330887,1
-4.345791778205125,1
-0.8346635146151757,1
0.5447165664085017,1
4.952607274580627,1
5.809699747960554,1
7.443514627881328,1
11.245042253000925,1
11.66775345495894,1
7.908337498788802,1
7.378565480255224,1
5.919223592751821,1
3.0740050881772283,1
-3.2554092890351605,1
-4.022973984302378,1
-4.336194726742759,1
-9.180586725821133,1
-9.835339036028753,1
-10.908155041428898,1
-8.292430676305694,1
-6.9110113658057815,1
-8.854416112942769,1
-3.942826720913232,1
0.6262348396185912,1
6.347343692566921,1
4.660146788891094,1
8.190821593114071,1
7.029494539214898,1
9.254754180699544,1
12.387729410121834,1
6.627494728528438,1
6.97336530476348,1
2.040194986746167,1
1.065900635198286,1
-4.017316569314382,1
-6.974466428857284,1
-7.751589060424789,1
-11.195804282044977,1
-10.069027659370686,1
-9.339063769485824,1
-7.132598491720226,1
-5.107424317095454,1
-3.22559110178822,1
0.3707381523367042,1
1.4601472001181746,1
5.114425102712706,1
9.849961331256203,1
10.330384723056673,1
8.4666134281345,1
10.658134022162914,1
6.255934717280637,1
1.9384664157766744,1
6.121863544039224,1
-1.0655659459562128,1
-1.5081416598817778,1
-3.0152049799814,1
-8.315447171368488,1
-8.200669987752795,1
-12.109569267956047,1
-9.115616651785594,1
-6.517326736718792,1
-7.182273991234341,1
-3.303117169802696,1
-1.7502763022040764,1
5.013391482875045,1
8.404654013502862,1
8.048808949806427,1
8.56771994335145,1
10.812358547475508,1
11.046348819754677,1
6.422007230891543,1
7.246274053661542,1
2.9433661413271635,1
-0.5783349410676757,1
-3.456319217326148,1
-6.523874603990763,1
-7.083512956475225,1
-9.32983332043913,1
-8.452997205213846,1
-11.542830736327176,1
-6.543420054552472,1
-3.332454233894684,1
-0.2937430675471146,1
-0.074647337718498,1
1.0276587938862294,1
8.16251121370278,1
7.429699750577479,1
11.87483334413502,1
8.110428171083,1
7.847807451162528,1
6.782631666112681,1
4.337750076309035,1
2.4260418823065346,1
-1.0572622558819376,1
-2.6657028554415128,1
-5.918856171271791,1
-8.445182265099898,1
-8.761609782279981,1
-11.158292210389131,1
-8.207598072930967,1
-8.482788711998749,1
-3.1620983894722468,1
-2.419738288637124,1
4.189895127257677,1
5.055438356845951,1
4.380814039636998,1
5.748954853868815,1
9.241336685614684,1
13.199320178013767,1
11.269482228750748,1
4.897605456467751,1
7.252782781893704,1
1.5146103605359582,1
-1.2682311197086298,1
-4.162333925711489,1
-7.193342190231982,1
-7.501760374201093,1
-9.588405448069611,1
-12.090343642596558,1
-9.172099335636476,1
-7.926721564628083,1
-6.401655153417819,1
-0.7307294484122642,1
0.4828167106781907,1
4.467545782287642,1
6.879392460939548,1
7.845586416996255,1
9.948995980776033,1
10.20587273371782,1
8.502053317931209,1
7.902063667866097,1
4.330671896344221,1
1.337065421821226,1
-1.322736423036801,1
-3.75622397944192,1
-6.452723618628259,1
-9.74940585681778,1
-5.775270081959188,1
-9.498230546548674,1
-9.788983441063266,1
-9.71933972012227,1
-4.442790827609567,1
-4.30831887183701,1
1.45658741907463,1
2.211501098391918,1
7.544541217847975,1
9.853267764110644,1
9.913256503343424,1
11.447668555653676,1
9.859012787107684,1
8.329930871699116,1
7.094771075146207,1
1.7465348743365954,1
2.282800448181411,1
-5.627587745305019,1
-4.104649550814773,1
-7.11756218938462,1
-9.454025347925738,1
-13.545101388792965,1
-8.164139816160553,1
-11.227212131399838,1
-4.277776361829592,1
-3.602840755608013,1
-2.490561777108005,1
3.7756424693693305,1
4.427323545736231,1
6.889317155450559,1
12.63631005514098,1
8.09297988224129,1
10.26795083779349,1
8.057179528159978,1
2.902424808875299,1
2.0208893166827804,1
-0.6890279528741801,1
-4.331036237166445,1
-3.883341001051285,1
-8.716787929163399,1
-7.332039497419457,1
-10.091553196271514,1
-8.262548668532729,1
-5.727373732063219,1
-7.313137368200118,1
-2.1279992103735443,1
3.477677386427376,1
5.833278853625284,1
5.761493882040178,1
10.12194836063576,1
9.013254695995908,1
10.944706611299797,1
7.998801250122576,1
6.447185153971435,1
3.004422589472241,1
1.3452255819419747,1
-2.5344857801830747,1
-5.361224844145788,1
-8.669963843642158,1
-8.901633752396934,1
-9.89560716081266,1
-9.667952316479903,1
-7.986483088212042,1
-7.236710356905903,1
-7.673675309437502,1
-0.3502968652141454,1
1.9768281009031936,1
-0.0292832991377149,1
7.072025986716242,1
9.600420929500231,1
8.219676387851257,1
8.510492301989892,1
9.407254640673958,1
8.193196738997525,1
4.157617207444155,1
3.0178096136407486,1
-0.9871819432754873,1
-3.376656083738024,1
-7.121654137913354,1
-7.933581843863924,1
-13.98122180073581,1
-9.59995176416485,1
-12.74777014021214,1
-9.96740254668975,1
-6.418412044690649,1
1.4446058362705607,1
-1.3203561054448174,1
3.327824769438143,1
5.352258011964092,1
10.930906335385195,1
10.88842098810296,1
11.091843949800811,1
10.3649882383368,1
6.703390470061687,1
4.83992702251512,1
1.5016476797893148,1
-1.497854832534845,1
-6.403505646117059,1
-8.271713059318579,1
-8.869285087247551,1
-8.41823164135552,1
-9.443982603197702,1
-10.616859835224036,1
-7.585009141767691,1
-2.140046740782393,1
-1.3385447335091194,1
-1.2015177168024345,1
6.692333464018252,1
6.088435308642229,1
10.768219320866177,1
10.963998786219287,1
13.158218795219156,1
7.347257825146519,1
7.032098792284938,1
6.369751552667724,1
3.169531642155926,1
-3.438750437025221,1
-5.092711649337754,1
-4.921935856219644,1
-8.730315657067006,1
-7.673915747701042,1
-10.905670846616449,1
-10.651552258755071,1
-5.499841909950142,1
-5.943672162036234,1
-1.6577190433863789,1
2.9185285812382658,1
4.383670557973201,1
7.239352369878685,1
12.248734784557737,1
11.009218427769142,1
10.68624786760157,1
9.698604390651116,1
6.710978943619252,1
3.769305810599101,1
-0.5878237573532976,1
-0.477487244699633,1
-4.349640385929424,1
-8.879037600638577,1
-8.447243493416575,1
-9.715268690560231,1
-7.135123320705668,1
-8.538107284126887,1
-8.043721025132287,1
-6.117350845339402,1
-3.428059144466087,1
1.5948983425885437,1
4.937608855372189,1
6.5219046250598005,1
7.866842623339348,1
9.284075032010463,1
10.061577783055922,1
7.817724126496448,1
5.383211497572347,1
6.550895816565813,1
2.066504841944002,1
-0.939990968121832,1
-7.750953717756862,1
-6.413380905999455,1
-8.938703401456285,1
-8.382375907575767,1
-12.37904941557658,1
-10.565571761819792,1
-6.3894920920804745,1
-4.641765474630572,1
-1.2856975140981155,1
3.508284877317553,1
6.170375874986716,1
8.610838445438143,1
10.706030669777986,1
7.91527941967006,1
11.225685181939475,1
9.674874594168733,1
6.296366804453962,1
4.736027969942362,1
1.233859673598357,1
-0.9399970347448412,1
-3.114868655270255,1
-6.943102860684301,1
-8.363144251470626,1
-9.86510186171546,1
-9.061079366606576,1
-12.16579084416375,1
-9.020519895143089,1
-4.187583047597427,1
-2.098432877200883,1
1.1581269867831885,1
6.244222701614111,1
6.551571769451473,1
8.512201658048593,1
9.373930484940317,1
12.783144213680831,1
8.74692882335787,1
8.235629598381658,1
3.47223428410504,1
2.0064106728240927,1
-3.746467729637317,1
-5.812389902087283,1
-7.916963289799798,1
-7.124899682897601,1
-9.740607135263778,1
-10.019908484387924,1
-9.582869499377454,1
-4.529660776866466,1
-5.636015140547605,1
0.4118435555270272,1
0.8158034846306718,1
5.276836976211491,1
7.542703457828784,1
10.35238605492486,1
9.28895227867066,1
12.092594211884135,1
9.611300974534744,1
8.206680497071558,1
4.5182553790895,1
-0.2560577362028375,1
-1.1353038878355357,1
-3.607965197183667,1
-8.107901239852739,1
-6.439028350856013,1
-11.357887482308769,1
-10.425092766278022,1
-7.761927279062636,1
-6.286265351402504,1
-3.244231023938002,1
-3.677998223721452,1
1.8515048190082892,1
5.529449187930684,1
7.576932941016046,1
9.27385632589452,1
8.721118816310852,1
7.937448510194471,1
10.674095813914612,1
8.053395136497173,1
3.320657045092629,1
2.014384194842245,1
1.3992909180375892,1
-4.011841681254762,1
-8.235396281140378,1
-11.28372087764484,1
-8.540368995477314,1
-8.001534017634516,1
-8.783452673335043,1
-4.907234274663896,1
-6.70149221657041,1
-1.90913309472054,1
2.046052235353472,1
2.735247541345101,1
4.152552370539288,1
10.789641803539109,1
10.644537115845091,1
11.73644986122138,1
8.836349127091662,1
8.176816303652252,1
4.145393780529588,1
2.259510534496996,1
3.3184568087252977,1
-6.547048073399397,1
-7.657076307034669,1
-9.776956558522974,1
-12.798790962882643,1
-11.535505335782537,1
-10.421374010026351,1
-6.958485318227638,1
-2.587429648020165,1
-0.0328986080679234,1
0.1624051239002466,1
5.650866228068001,1
4.683799727198899,1
12.102718130948851,1
9.965759404184272,1
9.127086962424077,1
10.50612416417844,1
7.213477747808189,1
4.601895833405986,1
1.52898091382558,1
-2.1518945194751007,1
-7.560148366799605,1
-6.932173476996693,1
-9.480632786570558,1
-9.1693963041256,1
-7.99972720864073,1
-9.19724768921769,1
-5.849867809255922,1
-4.060849015981779,1
-0.6868515687545301,1
1.2958456081515075,1
2.1879608033029028,1
6.248686387306221,1
8.322690652908845,1
8.032067517347098,1
10.15477530448862,1
9.130823150549151,1
5.396170406377399,1
3.982920016701368,1
-0.6012840703641127,1
-2.2286681493805203,1
-2.2859206992119523,1
-6.814704200877616,1
-11.40224298011382,1
-11.663112172913127,1
-12.661276923271643,1
-10.87041221969626,1
-5.956967640803008,1
-2.985953293719753,1
-0.3667642936500992,1
2.303534351897122,1
6.6440054711690815,1
7.421907192305413,1
8.01903367527953,1
9.237436579020834,1
12.01512586047194,1
9.559946400814576,1
7.091699821816039,1
7.024993909634767,1
1.4693224143275203,1
-1.5096349344971256,1
-3.257567869242109,1
-7.220618993321838,1
-10.01557783483394,1
-6.488939965475367,1
-9.29487253361894,1
-11.825075996239528,1
-7.423127483192895,1
-7.341215239341525,1
-0.3647158721116914,1
3.5041989274753185,1
2.167859740898346,1
7.694417767232039,1
7.555601492225617,1
9.437113456884092,1
8.257763918223949,1
8.661070387308877,1
6.24690987787462,1
4.8128729553574265,1
1.8081050632007003,1
-1.812533033530792,1
-5.076716155636611,1
-8.030398400018957,1
-8.916653417605543,1
-9.748321470603772,1
-9.632253856345477,1
-8.800183436554338,1
-8.09308671567241,1
-6.641144122923657,1
-2.32914661191908,1
-0.1005349470293455,1
3.527210854490192,1
6.159784659354901,1
7.13929091887801,1
10.39668958684551,1
9.07324633110315,1
8.42383307469358,1
4.170376794285886,1
3.819902451444477,1
-1.473794296951305,1
-1.3815478037811435,1
-3.2875320089964024,1
-6.082560778494395,1
-10.840517711136956,1
-11.869000327369308,1
-10.099847707227765,1
-9.354601089715771,1
-5.665724868047118,1
-5.9395726740201,1
-0.43130441186069,1
3.201708703367803,1
1.635980301722201,1
8.09775977744618,1
9.671748383979851,1
10.202423733046496,1
8.734778370356098,1
8.888195475757408,1
5.54605516571119,1
5.26987865495411,1
3.2084263024412865,1
-4.077433202204173,1
-4.017905958001304,1
-5.588303402804831,1
-10.54319503563638,1
-9.650484017275405,1
-11.154392689738136,1
-7.507305895182242,1
-7.076763127381685,1
-4.032047959529859,1
-2.531543529011893,1
4.497787607545867,1
6.342165822410389,1
5.886786042751032,1
11.034805756126715,1
11.667348694999433,1
11.828862148635766,1
9.164215608233384,1
9.2115360240711,1
3.83768360411036,1
0.3335039222606309,1
-4.11625404619767,1
-3.160187594227674,1
-6.8001586092207065,1
-9.919190910704772,1
-10.16060675000713,1
-9.320177715223064,1
-8.715842251934923,1
-4.032692813999868,1
-5.969830297953593,1
0.3800403477691632,1
1.584622624495804,1
5.417218544118655,1
7.959683412189492,1
9.847073930189,1
9.568016976451192,1
13.235141240044214,1
7.919429962061303,1
7.9157444698977955,1
3.167532211142035,1
-0.6032370878967978,1
-0.6557936373639912,1
-6.651721739757648,1
-8.681209711053171,1
-9.578695420692911,1
-12.361965726174994,1
-11.226905722745402,1
-9.138288636147786,1
-8.357190129099822,1
-3.2870464304304,1
0.2544789018368342,1
4.461033199444364,1
6.994125209864949,1
7.25613750623374,1
9.066025188393144,1
9.581486308368854,1
10.277774220991938,1
10.709410265403235,1
5.568224984406285,1
2.173611599496647,1
0.2101028877115097,1
-3.801251992165264,1
-3.6723739829452176,1
-6.360063462801338,1
-9.014480345818304,1
-7.149112721945892,1
-7.34231858004074,1
-4.169683658514515,1
-6.635735885913094,1
-7.76312780031583,1
0.3491287429887142,1
0.0619782538121853,1
4.142830753357265,1
7.96095779643654,1
9.896453042186252,1
6.75941627474288,1
5.498577241811743,1
9.769061491984012,1
7.077187234439198,1
4.9806713328481,1
2.1007784387416835,1
-3.042643894285669,1
-4.028546913620421,1
-7.909033394745435,1
-8.617389441717405,1
-10.746201193014569,1
-8.557616819112933,1
-7.895494323362028,1
-8.315297167372147,1
-2.4243734186872867,1
-2.629449076789678,1
4.142380200245865,1
4.120528184445173,1
5.075759813001925,1
6.93485166745292,1
11.067547646723565,1
10.596765488000116,1
10.39830530032214,1
3.44902299618369,1
6.002188421905126,1
0.0986718287999161,1
-2.242563905215855,1
-7.464774122762958,1
-10.242812452857354,1
-7.609127440634903,1
-9.692238236540248,1
-7.781549285291235,1
-8.594005642276272,1
-7.869913036040662,1
-7.24680376947156,1
-0.4555943741191047,1
2.833265364389832,1
3.5578153865068343,1
8.536109691875412,1
7.893888212937261,1
10.479457272350713,1
10.46584424766498,1
9.441144025490756,1
5.6946201472396005,1
5.449755077318764,1
-1.1442409446213295,1
-2.946670507879398,1
-6.193629667200488,1
-8.10054837285859,1
-11.050864523592711,1
-11.69879163183909,1
-10.84401898221924,1
-10.544918026115427,1
-6.290823027676884,1
-5.464906794908995,1
-0.0320347115891945,1
3.288585834645937,1
6.929642820661197,1
6.927754801725067,1
8.962890287461647,1
9.267166590100995,1
10.960625246839518,1
8.202550167238902,1
3.5228707912281507,1
2.3356993458066717,1
0.8209697465176609,1
-4.081833191660063,1
-6.919012757970806,1
-8.506195508092976,1
-7.92109679115508,1
-8.876171395917517,1
-6.4970673947984015,1
-7.635827848692192,1
-6.378050680857961,1
-4.551921540112797,1
1.0298723703699468,1
4.986942906621279,1
6.992529494867032,1
7.4051486943987905,1
8.707928848169205,1
10.61411451580166,1
8.78824271351849,1
8.52637272382213,1
6.284694620884403,1
3.970003647397856,1
-1.2421289228966317,1
-2.9287661606696664,1
-6.771554722883175,1
-8.571614862779843,1
-9.351065052851991,1
-11.557709008567794,1
-10.55717819038161,1
-7.733924170294905,1
-3.94215300008214,1
-2.477018999698899,1
-0.3524637407623291,1
0.8428672896952065,1
6.865446999828325,1
6.37146360522715,1
12.41412282089869,1
10.412302247586387,1
9.941189017395976,1
9.58539340960724,1
8.470803126246949,1
3.953393372675584,1
-0.1687586146054738,1
-4.394892183056431,1
-4.751708711339139,1
-11.843104552707,1
-11.440223281104226,1
-10.088780215182734,1
-8.666608359667867,1
-8.996406621269909,1
-6.60968453867301,1
-4.073714785313097,1
0.2519987795601595,1
1.889484980894864,1
4.523534818193456,1
7.254532926475041,1
10.01405576279169,1
10.490773185240144,1
8.593977889777584,1
5.96435087279334,1
5.775363639866165,1
2.0783529881966905,1
1.012259857297226,1
-3.766023103679739,1
-6.335613036100816,1
-6.02609382104411,1
-9.948706387384297,1
-8.765211335806011,1
-11.267585809551992,1
-7.289358655082184,1
-6.490018149536831,1
-2.904102286714698,1
0.1146119431089919,1
2.6618126714066506,1
4.679069583709491,1
9.286191270582744,1
8.145055969805762,1
7.305342226047579,1
10.677981389203705,1
9.313149406291236,1
6.108249237293238,1
3.974303790387983,1
-0.9437139979264336,1
-0.5569976684775808,1
-3.381932706170113,1
-9.597163939749352,1
-7.369794142324382,1
-9.587743812364607,1
-10.891829629257169,1
-7.571690320121228,1
-7.553576275982317,1
-4.2845879145494745,1
-0.5764305765164841,1
0.3186590103670634,1
3.028870376509794,1
7.227803178145645,1
6.296282828976895,1
9.009418891902492,1
10.090117355270396,1
8.172252524105494,1
4.824700508324327,1
4.169957105715349,1
1.3910336737843636,1
-1.867437770092001,1
-4.041896140481375,1
-8.79699740471948,1
-11.256802891681993,1
-6.95514401719228,1
-8.343467194212362,1
-5.522525580948988,1
-6.6994904166540055,1
-2.6450070651976585,1
-0.4875055394232264,1
5.268349803773786,1
7.272547168009993,1
7.367787492267556,1
8.084219731910386,1
9.605831976312436,1
9.169991606470262,1
4.673350930588394,1
6.672213116012885,1
3.8985716231819234,1
0.8435206519218669,1
-3.5995756499119267,1
-5.806066569921031,1
-8.859929023830608,1
-10.13987660864572,1
-11.842863673374998,1
-10.131014308129256,1
-7.404094047812415,1
-5.803046337559123,1
-3.2216023322332457,1
0.1499782293063064,1
2.2612363945155374,1
4.415575424296522,1
8.425582718800168,1
8.892626441707307,1
10.319196378687812,1
9.09994878679278,1
10.898515043261954,1
7.341549579989627,1
4.372628291258914,1
2.3613009822140825,1
-3.741041464187973,1
-7.421200265970214,1
-7.376900214701616,1
-10.008555486295156,1
-10.150735780294276,1
-11.107492367313094,1
-7.140400498462382,1
-1.818915635565836,1
-4.0977391589109855,1
0.909502654866984,1
1.9671145652547743,1
4.067645954640208,1
6.298712158243598,1
8.95699578588813,1
11.71555791512947,1
10.598063964007023,1
8.841090352522876,1
7.645763217383499,1
2.098193216750904,1
-0.3098519819918223,1
-2.2597212933176616,1
-5.403154021829264,1
-9.688433725688403,1
-6.4891149162158825,1
-8.484435922749752,1
-11.634820511001264,1
-6.798702299157891,1
-5.424251121038289,1
-2.891936347862893,1
1.6152822620985745,1
2.540202704727898,1
8.941592386397854,1
8.90924846762098,1
8.178545824331326,1
8.079827967382036,1
12.298947788796337,1
7.887684471548113,1
6.987020190026344,1
5.190027487517408,1
-0.9248530015747124,1
-5.205944626073428,1
-6.331551609483995,1
-10.48678679173766,1
-9.417469377315152,1
-10.131474512752852,1
-11.722757838824512,1
-6.674141717449563,1
-6.243115457421986,1
-2.5582845699957506,1
0.8202315090311729,1
1.438681812146424,1
7.772954266970963,1
7.245713006877676,1
8.23433117663281,1
9.140827168074765,1
10.622736914809137,1
6.514922379574594,1
3.6019360454013825,1
4.028032103656924,1
0.5156847712048099,1
-3.5997553520626058,1
-5.565715521130636,1
-8.655396738311744,1
-9.31666254819454,1
-9.150798063197277,1
-9.786616936992669,1
-9.332239370329898,1
-6.240676697803533,1
-3.0997047413361027,1
-1.3957633693930624,1
