time,current_normal,current_fault
0.0,0.0,0.34272831687717953
0.001001001001001001,3.0931606138886893,0.6730484773477898
0.002002002002002002,5.8829396520080515,5.231747855787752
0.003003003003003003,8.09571163340744,7.107357253652591
0.004004004004004004,9.514444746831767,8.81752759574178
0.005005005005005005,9.999987638285974,9.39573757851865
0.006006006006006006,9.504717573001114,10.679207716981004
0.007007007007007007,8.077211340738067,7.840458373853128
0.008008008008008008,5.857480775418393,5.479958683085333
0.009009009009009009,3.0632401960678335,2.7466744680627726
0.01001001001001001,-0.03144732207736443,2.8854655207720894
0.011011011011011011,-3.123050442314895,-1.8252739700313496
0.012012012012012012,-5.908340350059581,-6.830335103286542
0.013013013013013013,-8.114131864628659,-7.703890886068843
0.014014014014014014,-9.524077828844515,-9.977414773621923
0.015015015015015015,-9.99988874475714,-11.712228071964034
0.016016016016016016,-9.494896403548132,-9.228364557866694
0.017017017017017015,-8.058631169576696,-6.1208299388194085
0.018018018018018018,-5.8319639720627325,-7.043065372166646
0.01901901901901902,-3.033289484746265,-1.449018377173417
0.02002002002002002,0.06289433316067915,-1.1118889574905757
0.02102102102102102,3.152909385755018,4.242719746277628
0.022022022022022022,5.933682618376205,4.1869183866855835
0.023023023023023025,8.13247185223733,8.070007680008827
0.024024024024024024,9.533616723774294,8.34446420948984
0.025025025025025023,9.99969095867747,10.446056839307529
0.026026026026026026,9.484981335597952,9.38406149145433
0.02702702702702703,8.039971303669398,9.100345116721442
0.028028028028028028,5.806389494286054,6.378407071526717
0.029029029029029027,3.003308776117511,3.1807608899788464
0.03003003003003003,-0.09434072225897,0.7372275514655606
0.031031031031031032,-3.1827371489230964,-3.0234730547357125
0.03203203203203203,-5.958966206338979,-4.68871156849759
0.03303303303303303,-8.15073141486262,-10.711071304324292
0.03403403403403403,-9.543061337287483,-8.93627351516207
0.035035035035035036,-9.999394282002937,-10.157450051837454
0.036036036036036036,-9.474972467204296,-10.27938093209462
0.037037037037037035,-8.021231927550442,-8.7334743168961
0.03803803803803804,-5.7807575950037045,-5.6711011015584125
0.03903903903903904,-2.9732983666717114,-6.691826092903664
0.04004004004004004,0.12578617838741388,-0.05173038035079827
0.04104104104104104,3.212533436841432,0.9973651193013984
0.04204204204204204,5.984190863909257,4.762964982139996
0.043043043043043044,8.168910371929062,3.123039738684642
0.044044044044044044,9.55241157598287,10.865015775359893
0.04504504504504504,9.998998717667488,10.998709127253056
0.04604604604604605,9.464869897348523,9.782379002321406
0.04704704704704705,8.002413226540313,9.343529750779012
0.04804804804804805,5.755068527698897,4.386297590404117
0.04904904904904905,2.9432585531928224,4.453742555225829
0.050050050050050046,-0.1572303905703963,-0.9992601581353983
0.05105105105105105,-3.242297954843722,-3.2472702715777886
0.05205205205205205,-6.009356341631232,-6.020882325321038
0.05305305305305305,-8.187008543658278,-8.232742108339146
0.05405405405405406,-9.561667347392516,-8.066547528233754
0.055055055055055056,-9.998504269583004,-10.452286916589376
0.056056056056056056,-9.454673725938633,-8.44851126077259
0.057057057057057055,-7.983515386744061,-5.458127866117282
0.058058058058058054,-5.72932254642021,-7.291522315180584
0.05905905905905906,-2.913189632755459,0.46904268673225413
0.06006006006006006,0.1886730478446758,1.1404344221820502
0.06106106106106106,3.272030408577713,1.659135456692228
0.062062062062062065,6.03446239063428,6.570394218207723
0.06306306306306306,8.205025751070863,9.747906340333204
0.06406406406406406,9.57082855998271,9.62952006789977
0.06506506506506507,9.997910942639262,8.08405147813549
0.06606606606606606,9.444384053808292,8.132327270081547
0.06706706706706707,7.964538595049282,6.269264163131028
0.06806806806806806,5.7035199057790384,7.458987724256793
0.06906906906906907,2.8830919027222213,2.1874246826299775
0.07007007007007007,-0.2201138392622991,0.4676712923391041
0.07107107107107107,-3.301730504008348,-0.8481128095136174
0.07207207207207207,-6.059508762635486,-6.412370320695084
0.07307307307307308,-8.222961815988112,-7.870789510769203
0.07407407407407407,-9.579895123154886,-10.538558871958143
0.07507507507507508,-9.997218742703888,-10.242751047892623
0.07607607607607608,-9.43400098271581,-10.297810046096112
0.07707707707707707,-7.945483039124438,-7.978226042753411
0.07807807807807808,-5.677660860947058,-3.6602406936537735
0.07907907907907907,-2.8529656607405176,-4.3254891303978145
0.08008008008008008,0.251552453893765,-0.024390689931305998
0.08108108108108109,3.331397947420607,3.729804408688153
0.08208208208208208,6.084495209942162,7.731621952711915
0.08308308308308308,8.240816561033652,8.621684787467712
0.08408408408408408,9.588866947246489,9.015528193629942
0.08508508508508508,9.9964276766223,10.52011310365074
0.08608608608608609,9.423524615343178,11.081318733100135
0.08708708708708708,7.926348907416859,5.3636632713166925
0.08808808808808809,5.651745667653922,5.251718476555213
0.0890890890890891,2.8228112047397187,3.6309322250064455
0.09009009009009009,-0.28298858083117057,1.7055467936370163
0.09109109109109109,-3.3610324454221763,-1.6401324976572522
0.0920920920920921,-6.109421485454235,-5.3737626377107635
0.09309309309309309,-8.258589809635431,-10.704623157397245
0.0940940940940941,-9.597743943531897,-6.181847751425513
0.09509509509509509,-9.99553775221764,-11.862024206950997
0.0960960960960961,-9.412955055295031,-8.649253090625686
0.0970970970970971,-7.9071363891509385,-8.397773843206085
0.0980980980980981,-5.625774582184379,-5.250575885007883
0.0990990990990991,-2.7926288329282842,-3.319343955009908
0.10010010010010009,0.31442190919117874,-1.683326382569092
0.1011011011011011,3.390633704946752,2.4989440633069124
0.1021021021021021,6.134287342666639,7.813645400844589
0.1031031031031031,8.276281386027321,9.105119893844378
0.1041041041041041,9.606526024223212,8.255421040546535
0.10510510510510511,9.994548978290693,9.30866595347528
0.1061061061061061,9.402292407097592,8.588415015811794
0.10710710710710711,7.887845674326325,7.12860528926212
0.10810810810810811,5.599747861375917,4.875007482621809
0.1091091091091091,2.762418843790778,2.624291304669047
0.11011011011011011,-0.3458521281181999,-2.566157721329869
0.1111111111111111,-3.4202014332567043,-2.4308727669901478
0.11211211211211211,-6.159092535671803,-5.307661440153008
0.11311311311311312,-8.293891115250828,-6.400882348472644
0.11411411411411411,-9.615213102471253,-11.115832436122563
0.11511511511511512,-9.993461364619808,-11.873087089777798
0.11611611611611611,-9.391536776197686,-9.19599709557627
0.11711711711711711,-7.868476953715922,-8.644759761485776
0.11811811811811812,-5.573665762616399,-4.441920687920325
0.11911911911911911,-2.732181536084709,-5.179499608746836
0.12012012012012012,0.37727892678718167,1.2683106810506124
0.12112112112112113,3.4497353379459064,5.09033752673803
0.12212212212212212,6.183836819162147,7.989629983317073
0.12312312312312312,8.311418823156927,9.908852948769
0.12412412412412413,9.623805092366348,8.153124280981936
0.12512512512512514,9.992274921960792,10.134305976545276
0.12612612612612611,9.380688268961674,7.462540994169849
0.12712712712712712,7.849030418864077,10.37997973513176
0.12812812812812813,5.547528543841162,4.847732138269146
0.12912912912912913,2.70191720883782,4.112328554815126
0.13013013013013014,-0.4087019944071797,0.8969791956000019
0.13113113113113112,-3.479235126942824,-1.7498388745558509
0.13213213213213212,-6.208519948432417,-7.756502451976416
0.13313313313313313,-8.328864336407717,-7.461869385274071
0.13413413413413414,-9.632301908939134,-6.224080853700741
0.13513513513513514,-9.990989662046815,-10.163327091309416
0.13613613613613612,-9.3697469926744,-8.9169301994273
0.13713713713713713,-7.82950626208463,-8.534820103330887
0.13813813813813813,-5.521336463530709,-4.345791778205125
0.13913913913913914,-2.671626161345228,-0.8346635146151757
0.14014014014014015,0.4401210202238636,0.5447165664085017
0.14114114114114115,3.508700508513341,4.952607274580627
0.14214214214214213,6.233141679382134,5.809699747960554
0.14314314314314314,8.346227482478145,7.443514627881328
0.14414414414414414,9.64070346816151,11.245042253000925
0.14514514514514515,9.989605597588273,11.667753454958941
0.14614614614614616,9.358713055538097,7.908337498788802
0.14714714714714713,7.809904676459184,7.378565480255224
0.14814814814814814,5.49508978070808,5.919223592751821
0.14914914914914915,2.641308693166094,3.0740050881772283
0.15015015015015015,-0.47153569352308666,-3.2554092890351605
0.15115115115115116,-3.538131191263407,-4.022973984302378
0.15215215215215216,-6.257701768518068,-4.336194726742759
0.15315315315315314,-8.363508089657763,-9.180586725821133
0.15415415415415415,-9.64900968694739,-9.835339036028751
0.15515515515515516,-9.988122742272692,-10.908155041428898
0.15615615615615616,-9.347586566671493,-8.292430676305694
0.15715715715715717,-7.790225855834887,-6.9110113658057815
0.15815815815815815,-5.468788754936308,-8.854416112942769
0.15915915915915915,-2.61096510412093,-3.942826720913232
0.16016016016016016,0.502945703633675,0.6262348396185912
0.16116116116116116,3.567526884142321,6.347343692566921
0.16216216216216217,6.282199972956475,4.660146788891094
0.16316316316316315,8.380705987052258,8.190821593114071
0.16416416416416416,9.65722048315354,7.029494539214898
0.16516516516516516,9.986541110764566,9.254754180699543
0.16616616616616617,9.33636763610845,12.387729410121834
0.16716716716716717,7.770469994822871,6.627494728528438
0.16816816816816815,5.4424336463158385,6.97336530476348
0.16916916916916916,2.580595694288497,2.040194986746167
0.17017017017017017,-0.5343507399305704,1.065900635198286
0.17117117117117117,-3.5968872964453453,-4.017316569314382
0.17217217217217218,-6.3066360504256105,-6.9744664288572835
0.17317317317317318,-8.39782100458542,-7.751589060424789
0.17417417417417416,-9.665335775580404,-11.195804282044977
0.17517517517517517,-9.984860718705228,-10.069027659370686
0.17617617617617617,-9.32505637479707,-9.339063769485824
0.17717717717717718,-7.750637288796013,-7.132598491720226
0.1781781781781782,-5.416024715481903,-5.107424317095454
0.17917917917917917,-2.550200764003116,-3.2255911017882197
0.18018018018018017,0.5657504918379028,0.3707381523367042
0.18118118118118118,3.626212137816642,1.4601472001181746
0.18218218218218218,6.3310097592682375,5.114425102712706
0.1831831831831832,8.414852973000515,9.849961331256205
0.1841841841841842,9.673355483972907,10.330384723056673
0.18518518518518517,9.983081582712682,8.4666134281345
0.18618618618618618,9.313652894598544,10.658134022162914
0.1871871871871872,7.7307279338871835,6.255934717280637
0.1881881881881882,5.3895622236021214,1.9384664157766744
0.1891891891891892,2.5197806138512115,6.121863544039224
0.19019019019019018,-0.5971446488320612,-1.0655659459562128
0.19119119119119118,-3.655501118252147,-1.5081416598817778
0.1921921921921922,-6.355320858443853,-3.0152049799813994
0.1931931931931932,-8.431801723862227,-8.315447171368488
0.1941941941941942,-9.681279529021188,-8.200669987752795
0.19519519519519518,-9.981203720381464,-12.109569267956049
0.1961961961961962,-9.30215730828605,-9.115616651785594
0.1971971971971972,-7.710742126987266,-6.5173267367187915
0.1981981981981982,-5.363046432373796,-7.182273991234341
0.1991991991991992,-2.489335544668892,-3.3031171698026958
0.20020020020020018,0.6285329004447648,-1.7502763022040764
0.2012012012012012,3.68475394810244,5.013391482875045
0.2022022022022022,6.379569107531118,8.404654013502862
0.2032032032032032,8.448667089558173,8.048808949806427
0.2042042042042042,9.68910783236151,8.56771994335145
0.20520520520520522,9.97922715028243,10.812358547475508
0.2062062062062062,9.290569729543614,11.046348819754677
0.2072072072072072,7.690680065743151,6.422007230891543
0.2082082082082082,5.336477604021209,7.246274053661542
0.2092092092092092,2.4588658575384947,2.9433661413271635
0.21021021021021022,-0.6599149362662045,-0.5783349410676757
0.2112112112112112,-3.713970338075673,-3.456319217326148
0.2122122122122122,-6.403754266730246,-6.523874603990763
0.2132132132132132,-8.46544890330059,-7.083512956475225
0.21421421421421422,-9.696840316576868,-9.32983332043913
0.21521521521521522,-9.977151891962619,-8.452997205213846
0.21621621621621623,-9.27889027296506,-11.542830736327176
0.2172172172172172,-7.670541948556027,-6.543420054552472
0.2182182182182182,-5.309856001293264,-3.332454233894684
0.21921921921921922,-2.428371853785811,-0.29374306754711466
0.22022022022022023,0.6912904459478988,-0.07464733771849807
0.22122122122122123,3.743149999240231,1.0276587938862294
0.2222222222222222,6.42787609686542,8.16251121370278
0.22322322322322322,8.482146999128037,7.4296997505774796
0.22422422422422422,9.704476905197975,11.87483334413502
0.22522522522522523,9.974977965944996,8.110428171083
0.22622622622622623,9.26711905405285,7.847807451162528
0.2272272272272272,7.650327974578905,6.782631666112681
0.22822822822822822,5.283181887460529,4.337750076309035
0.22922922922922923,2.3978538349773846,2.4260418823065346
0.23023023023023023,-0.7226591192058357,-1.0572622558819376
0.23123123123123124,-3.772292643027659,-2.6657028554415128
0.23223223223223222,-6.451934359386894,-5.918856171271791
0.23323323323323322,-8.498761211906832,-8.445182265099898
0.23423423423423423,-9.712017522703746,-8.761609782279981
0.23523523523523523,-9.972705393728322,-11.158292210389131
0.23623623623623624,-9.255256189216759,-8.207598072930967
0.23723723723723725,-7.630038343715243,-8.482788711998749
0.23823823823823823,-5.256455526313296,-3.1620983894722468
0.23923923923923923,-2.36731210291677,-2.4197382886371237
0.24024024024024024,0.7540206458240356,4.189895127257677
0.24124124124124124,3.801397981235977,5.055438356845951
0.24224224224224225,6.475928816373942,4.380814039636998
0.24324324324324323,8.51529137733311,5.748954853868815
0.24424424424424424,9.719462094522331,9.241336685614684
0.24524524524524524,9.970334197786903,13.199320178013767
0.24624624624624625,9.243301795773096,11.269482228750748
0.24724724724724725,7.609673256616702,4.897605456467751
0.24824824824824826,5.229677182157947,7.252782781893704
0.24924924924924924,2.3367469596425825,1.5146103605359582
0.2502502502502503,-0.7853747156567698,-1.2682311197086298
0.25125125125125125,-3.830465726031737,-4.162333925711489
0.25225225225225223,-6.499859230536401,-7.193342190231982
0.25325325325325326,-8.531737331933954,-7.501760374201093
0.25425425425425424,-9.726810547031576,-9.588405448069613
0.2552552552552553,-9.96786440157034,-12.090343642596558
0.25625625625625625,-9.231255991943115,-9.172099335636476
0.25725725725725723,-7.589232914680974,-7.926721564628083
0.25825825825825827,-5.202847119815787,-6.401655153417819
0.25925925925925924,-2.306158707424407,-0.7307294484122642
0.2602602602602603,0.8167210186321939,0.4828167106781907
0.26126126126126126,3.859495589953266,4.467545782287642
0.26226226226226224,6.523725365217885,6.879392460939548
0.26326326326326327,8.54809891306924,7.845586416996255
0.26426426426426425,9.734062807560015,9.948995980776031
0.2652652652652653,9.96529602950336,10.20587273371782
0.26626626626626626,9.219118896852278,8.502053317931209
0.26726726726726724,7.568717520049967,7.902063667866097
0.2682682682682683,5.175965604618735,4.330671896344221
0.26926926926926925,2.2755476487609148,1.337065421821226
0.2702702702702703,-0.8480592447551316,-1.322736423036801
0.27127127127127126,-3.8884872859139037,-3.7562239794419194
0.27227227227227224,-6.547526984397259,-6.452723618628259
0.2732732732732733,-8.564375958933466,-9.749405856817779
0.27427427427427425,-9.741218804387364,-5.775270081959188
0.2752752752752753,-9.962629106985544,-9.498230546548674
0.27627627627627627,-9.206890630528635,-9.788983441063266
0.2772772772772773,-7.54812727560791,-9.71933972012227
0.2782782782782783,-5.149032902408153,-4.442790827609567
0.27927927927927926,-2.2449140863757644,-4.30831887183701
0.2802802802802803,0.8793890841107062,1.45658741907463
0.28128128128128127,3.917440527203921,2.211501098391918
0.2822822822822823,6.571263852691943,7.544541217847975
0.2832832832832833,8.58056830855691,9.853267764110644
0.28428428428428426,9.748278466745324,9.913256503343423
0.2852852852852853,9.959863660391038,11.447668555653676
0.2862862862862863,9.194571313902093,9.859012787107684
0.2872872872872873,7.527462384979526,8.329930871699116
0.2882882882882883,5.122049279531123,7.094771075146207
0.28928928928928926,2.2142583232157156,1.7465348743365954
0.2902902902902903,-0.9107102268664141,2.282800448181411
0.2912912912912913,-3.946355027494406,-5.627587745305019
0.2922922922922923,-6.594935735359058,-4.104649550814773
0.2932932932932933,-8.596675801807441,-7.1175621893846195
0.29429429429429427,-9.755241724818381,-9.454025347925738
0.2952952952952953,-9.95699971706838,-13.545101388792965
0.2962962962962963,-9.18216106880276,-8.164139816160553
0.2972972972972973,-7.506723052527187,-11.227212131399838
0.2982982982982983,-5.095015002838787,-4.277776361829592
0.29929929929929927,-2.183580662446526,-3.6028407556080135
0.3003003003003003,0.9420223632763224,-2.490561777108005
0.3013013013013013,3.9752305008390465,3.7756424693693305
0.3023023023023023,6.618542398298713,4.427323545736231
0.3033033033033033,8.612698279392324,6.889317155450559
0.30430430430430433,9.762108509744301,12.636310055140981
0.3053053053053053,9.954037305340124,8.09297988224129
0.3063063063063063,9.16966001796013,10.26795083779349
0.3073073073073073,7.485909483349907,8.057179528159978
0.3083083083083083,5.067930339682734,2.902424808875299
0.30930930930930933,2.152881407450783,2.0208893166827804
0.3103103103103103,-0.9733251836829986,-0.6890279528741801
0.3113113113113113,-4.004066661678005,-4.331036237166445
0.3123123123123123,-6.642083608056212,-3.883341001051285
0.3133133133133133,-8.628635582859284,-8.716787929163399
0.31431431431431434,-9.768878753614942,-7.332039497419457
0.3153153153153153,-9.950976454502653,-10.091553196271514
0.3163163163163163,-9.157068285001724,-8.262548668532729
0.3173173173173173,-7.465021883280485,-5.727373732063219
0.3183183183183183,-5.040795557913331,-7.313137368200118
0.31931931931931934,-2.1221608618250447,-2.1279992103735443
0.3203203203203203,1.0046183785217055,3.4776773864273753
0.3213213213213213,4.032863224839699,5.833278853625284
0.32232232232232233,6.665559131823726,5.761493882040178
0.3233233233233233,8.64448755459865,10.12194836063576
0.32432432432432434,9.775552389476891,9.013254695995908
0.3253253253253253,9.947817194825854,10.944706611299797
0.3263263263263263,9.144385994451667,7.998801250122576
0.32732732732732733,7.444060458884213,6.447185153971435
0.3283283283283283,5.0136109258760975,3.004422589472241
0.32932932932932935,2.0914193293755865,1.3452255819419747
0.3303303303303303,-1.0359016383223316,-2.5344857801830747
0.3313313313313313,-4.061619905544659,-5.361224844145788
0.33233233233233234,-6.6889687374434414,-8.669963843642158
0.3333333333333333,-8.660254037844343,-8.901633752396934
0.33433433433433435,-9.782129351332093,-9.895607160812661
0.3353353353353353,-9.944559557552772,-9.667952316479905
0.3363363363363363,-9.13161327172988,-7.986483088212042
0.33733733733733734,-7.42302541745608,-7.2367103569059035
0.3383383383383383,-4.986376712409906,-7.673675309437502
0.33933933933933935,-2.0606571141169248,-0.3502968652141454
0.34034034034034033,1.0671746537135816,1.9768281009031936
0.34134134134134136,4.090336419407573,-0.02928329913771499
0.34234234234234234,6.712312193409009,7.072025986716242
0.3433433433433433,8.675934876675996,9.600420929500231
0.34434434434434436,9.788609574138635,8.219676387851257
0.34534534534534533,9.941203574899399,8.510492301989892
0.34634634634634637,9.118750243150304,9.407254640673958
0.34734734734734735,7.401916967019386,8.193196738997525
0.3483483483483483,4.959093186843963,4.157617207444155
0.34934934934934936,2.029874520267559,3.0178096136407486
0.35035035035035034,-1.098437115424905,-0.9871819432754871
0.35135135135135137,-4.119012482439961,-3.376656083738024
0.35235235235235235,-6.73558926886868,-7.121654137913354
0.3533533533533533,-8.691529916019928,-7.933581843863924
0.35435435435435436,-9.794992993811167,-13.98122180073581
0.35535535535535534,-9.937749280054241,-9.59995176416485
0.3563563563563564,-9.105797035920359,-12.747770140212141
0.35735735735735735,-7.3807353163234,-9.96740254668975
0.35835835835835833,-4.931760618994765,-6.418412044690649
0.35935935935935936,-1.999071852248078,1.4446058362705607
0.36036036036036034,1.129688714290687,-1.3203561054448174
0.3613613613613614,4.147647811054154,3.327824769438143
0.36236236236236236,6.758799733626747,5.352258011964092
0.36336336336336333,8.707039001651243,10.930906335385195
0.36436436436436437,9.801279547221778,10.888420988102961
0.36536536536536535,9.934196707178117,11.091843949800811
0.3663663663663664,9.092753778138864,10.3649882383368
0.36736736736736736,7.3594806748410075,6.703390470061687
0.3683683683683684,4.9043792791641785,4.83992702251512
0.36936936936936937,1.9682494146770333,1.5016476797893148
0.37037037037037035,-1.1609291412523146,-1.497854832534845
0.3713713713713714,-4.176242122064673,-6.403505646117059
0.37237237237237236,-6.781943358146661,-8.271713059318579
0.3733733733733734,-8.722461980194925,-8.869285087247551
0.3743743743743744,-9.807469172200392,-8.41823164135552
0.37537537537537535,-9.93054589140368,-9.443982603197702
0.3763763763763764,-9.079620598795419,-10.616859835224037
0.37737737737737737,-7.3381532527673095,-7.585009141767691
0.3783783783783784,-4.876949438136272,-2.1400467407823935
0.3793793793793794,-1.9374075123690417,-1.3385447335091194
0.38038038038038036,1.1921580873616586,-1.2015177168024345
0.3813813813813814,4.204795132692196,6.692333464018252
0.38238238238238237,6.805019913552456,6.088435308642229
0.3833833833833834,8.737798699127305,10.768219320866177
0.3843843843843844,9.813561807535601,10.963998786219289
0.38538538538538536,9.926796868835217,13.158218795219156
0.3863863863863864,9.066397627768888,7.347257825146519
0.38738738738738737,7.31675326101678,7.032098792284938
0.3883883883883884,4.849471367174881,6.369751552667724
0.3893893893893894,1.9065464503306577,3.169531642155926
0.39039039039039036,-1.2233752437845509,-3.438750437025221
0.3913913913913914,-4.233306560565317,-5.092711649337754
0.3923923923923924,-6.8280291716318615,-4.921935856219644
0.3933933933933934,-8.753049006778175,-8.730315657067006
0.3943943943943944,-9.819557392975057,-7.673915747701042
0.39539539539539537,-9.922949676548145,-10.905670846616447
0.3963963963963964,-9.05308499582594,-10.651552258755073
0.3973973973973974,-7.295280911221941,-5.499841909950142
0.3983983983983984,-4.821945338020433,-5.943672162036234
0.3993993993993994,-1.8756665337583307,-1.6577190433863789
0.40040040040040037,1.254580301802852,2.9185285812382658
0.4014014014014014,4.261776123724374,4.383670557973201
0.4024024024024024,6.850970904837716,7.239352369878685
0.4034034034034034,8.76821275233154,12.248734784557737
0.4044044044044044,9.825455869226277,11.009218427769142
0.40540540540540543,9.919004352588752,10.68624786760157
0.4064064064064064,9.03968283462017,9.698604390651116
0.4074074074074074,7.273736415730506,6.710978943619252
0.4084084084084084,4.794371622888006,3.7693058105991004
0.4094094094094094,1.8447680680348295,-0.5878237573532976
0.41041041041041043,-1.285772952818773,-0.477487244699633
0.4114114114114114,-4.2902035406233345,-4.349640385929424
0.4124124124124124,-6.8738448862911525,-8.879037600638577
0.4134134134134134,-8.783289785827716,-8.447243493416575
0.4144144144144144,-9.83125717795705,-9.715268690560231
0.41541541541541543,-9.914960935973841,-7.135123320705668
0.4164164164164164,-9.026191276690325,-8.538107284126887
0.4174174174174174,-7.2521199876039555,-8.043721025132287
0.4184184184184184,-4.76675049446426,-6.117350845339402
0.4194194194194194,-1.8138513587265033,-3.428059144466087
0.42042042042042044,1.3169528883562351,1.5948983425885437
0.4214214214214214,4.318588530132964,4.937608855372189
0.4224224224224224,6.896650889782605,6.5219046250598005
0.42342342342342343,8.798279958164281,7.866842623339348
0.4244244244244244,9.836961261796095,9.284075032010463
0.42542542542542544,9.910819466690203,10.061577783055922
0.4264264264264264,9.012610455459471,7.817724126496448
0.4274274274274274,7.230431840615137,5.383211497572347
0.42842842842842843,4.739082225904495,6.550895816565813
0.4294294294294294,1.7829167115798386,2.0665048419440026
0.43043043043043044,-1.3481198000657542,-0.9399909681218321
0.4314314314314314,-4.346930811543868,-7.750953717756862
0.43243243243243246,-6.919388689775589,-6.413380905999455
0.43343343343343343,-8.813183121098016,-8.938703401456285
0.4344344344344344,-9.842568064333664,-8.382375907575767
0.43543543543543545,-9.906579985694297,-12.379049415576581
0.4364364364364364,-8.998940505233243,-10.565571761819793
0.43743743743743746,-7.208672189245759,-6.3894920920804745
0.43843843843843844,-4.711367090830069,-4.641765474630572
0.4394394394394394,-1.7519644325188555,-1.2856975140981155
0.44044044044044045,1.3792733797266419,3.5082848773175535
0.44144144144144143,4.375230104569131,6.170375874986716
0.44244244244244246,6.94205806140729,8.610838445438143
0.44344344344344344,8.827999127246235,10.706030669777986
0.4444444444444444,9.848077530122094,7.91527941967006
0.44544544544544545,9.902242534911975,11.225685181939477
0.44644644644644643,8.98518156119865,9.674874594168731
0.44744744744744747,7.186841248685352,6.296366804453962
0.44844844844844844,4.683605363326572,4.736027969942362
0.4494494494494494,1.720994827641663,1.2338596735983567
0.45045045045045046,-1.410413319249212,-0.9399970347448413
0.45145145145145144,-4.403486129346202,-3.114868655270255
0.45245245245245247,-6.964658780492218,-6.943102860684301
0.45345345345345345,-8.842727830087775,-8.363144251470626
0.4544544544544544,-9.853489604676163,-9.865101861715459
0.45545545545545546,-9.897807157237837,-9.061079366606576
0.45645645645645644,-8.971333759423155,-12.16579084416375
0.4574574574574575,-7.1649392348278615,-9.020519895143087
0.45845845845845845,-4.655797317939617,-4.187583047597427
0.45945945945945943,-1.6900082032185502,-2.098432877200883
0.46046046046046046,1.441539310679515,1.1581269867831883
0.46146146146146144,4.431698606441191,6.244222701614111
0.4624624624624625,6.987190623523612,6.551571769451473
0.46346346346346345,8.85736908396525,8.512201658048593
0.46446446446446443,9.85880423447394,9.373930484940315
0.46546546546546547,9.893273896534952,12.783144213680831
0.46646646646646645,8.957397236852607,8.74692882335787
0.4674674674674675,7.1429663642701025,8.235629598381658
0.46846846846846846,4.627943229673114,3.47223428410504
0.4694694694694695,1.6590048656869993,2.0064106728240927
0.47047047047047047,-1.4726510462015374,-3.746467729637317
0.47147147147147145,-4.459867256850612,-5.812389902087283
0.4724724724724725,-7.009653367676053,-7.916963289799798
0.47347347347347346,-8.871922744086087,-7.124899682897601
0.4744744744744745,-9.86402136695716,-9.740607135263778
0.4754754754754755,-9.888642797634345,-10.019908484387923
0.47647647647647645,-8.943372131310367,-9.582869499377454
0.4774774774774775,-7.1209228543102085,-4.529660776866466
0.47847847847847846,-4.600043373986059,-5.636015140547605
0.4794794794794795,-1.6279851216508958,0.4118435555270272
0.4804804804804805,1.503748218139406,0.8158034846306718
0.48148148148148145,4.4879918020046485,5.276836976211491
0.4824824824824825,7.032046790806854,7.542703457828784
0.48348348348348347,8.886388666523565,10.35238605492486
0.4844844844844845,9.869140950531602,9.28895227867066
0.4854854854854855,9.883913906334728,12.092594211884137
0.48648648648648646,8.929258581495692,9.611300974534743
0.4874874874874875,7.098808922944302,8.206680497071558
0.48848848848848847,4.572098026790819,4.5182553790895
0.4894894894894895,1.5969492778755336,-0.25605773620283756
0.4904904904904905,-1.5348305189621145,-1.1353038878355357
0.49149149149149146,-4.516071963768899,-3.607965197183667
0.4924924924924925,-7.054370671459484,-8.107901239852739
0.4934934934934935,-8.900766708219024,-6.439028350856013
0.4944944944944945,-9.874162934567876,-11.357887482308769
0.4954954954954955,-9.879087269401795,-10.425092766278022
0.4964964964964965,-8.915056726982757,-7.761927279062636
0.4974974974974975,-7.076624788865122,-6.286265351402504
0.4984984984984985,-4.544107464448881,-3.244231023938002
0.4994994994994995,-1.5658976412854226,-3.677998223721452
0.5005005005005005,1.5658976412857226,1.8515048190082894
0.5015015015015015,4.5441074644488975,5.529449187930684
0.5025025025025025,7.076624788865136,7.576932941016046
0.5035035035035035,8.915056726982765,9.273856325894519
0.5045045045045045,9.879087269401754,8.721118816310852
0.5055055055055055,9.874162934567872,7.937448510194471
0.5065065065065065,8.900766708219015,10.674095813914613
0.5075075075075075,7.05437067145947,8.053395136497173
0.5085085085085085,4.516071963769136,3.320657045092629
0.5095095095095095,1.5348305189623759,2.014384194842245
0.5105105105105106,-1.5969492778755532,1.3992909180375892
0.5115115115115115,-4.572098026790837,-4.011841681254762
0.5125125125125125,-7.098808922944315,-8.235396281140378
0.5135135135135135,-8.929258581495699,-11.283720877644841
0.5145145145145145,-9.883913906334689,-8.540368995477314
0.5155155155155156,-9.869140950531598,-8.001534017634516
0.5165165165165165,-8.886388666523557,-8.783452673335043
0.5175175175175175,-7.032046790806841,-4.907234274663896
0.5185185185185185,-4.487991802004632,-6.70149221657041
0.5195195195195195,-1.5037482181393866,-1.90913309472054
0.5205205205205206,1.6279851216511956,2.046052235353472
0.5215215215215215,4.600043373986077,2.735247541345101
0.5225225225225225,7.120922854310222,4.152552370539288
0.5235235235235235,8.943372131310248,10.789641803539109
0.5245245245245245,9.888642797634347,10.644537115845093
0.5255255255255256,9.864021366957111,11.73644986122138
0.5265265265265265,8.871922744086078,8.836349127091662
0.5275275275275275,7.009653367676039,8.176816303652252
0.5285285285285285,4.459867256850848,4.145393780529588
0.5295295295295295,1.472651046201518,2.2595105344969957
0.5305305305305306,-1.659004865687299,3.3184568087252977
0.5315315315315315,-4.627943229673131,-6.547048073399397
0.5325325325325325,-7.142966364270116,-7.657076307034669
0.5335335335335335,-8.95739723685249,-9.776956558522974
0.5345345345345345,-9.893273896534913,-12.798790962882643
0.5355355355355356,-9.858804234473936,-11.535505335782537
0.5365365365365365,-8.85736908396524,-10.421374010026351
0.5375375375375375,-6.987190623523598,-6.958485318227638
0.5385385385385385,-4.4316986064414285,-2.587429648020165
0.5395395395395395,-1.4415393106797767,-0.03289860806792344
0.5405405405405406,1.6900082032185693,0.16240512390024664
0.5415415415415415,4.6557973179396335,5.650866228068001
0.5425425425425425,7.164939234827875,4.683799727198899
0.5435435435435435,8.97133375942304,12.102718130948851
0.5445445445445445,9.8978071572378,9.965759404184272
0.5455455455455456,9.85348960467616,9.127086962424075
0.5465465465465466,8.842727830087764,10.506124164178441
0.5475475475475475,6.964658780492204,7.213477747808189
0.5485485485485485,4.403486129346184,4.601895833405986
0.5495495495495496,1.4104133192489112,1.5289809138255799
0.5505505505505506,-1.7209948276416822,-2.1518945194751007
0.5515515515515516,-4.68360536332659,-7.560148366799605
0.5525525525525525,-7.186841248685365,-6.932173476996693
0.5535535535535535,-8.985181561198658,-9.480632786570558
0.5545545545545546,-9.90224253491202,-9.1693963041256
0.5555555555555556,-9.84807753012209,-7.99972720864073
0.5565565565565566,-8.827999127246226,-9.19724768921769
0.5575575575575575,-6.942058061407276,-5.849867809255922
0.5585585585585585,-4.3752301045691135,-4.060849015981779
0.5595595595595596,-1.379273379726341,-0.6868515687545301
0.5605605605605606,1.751964432518875,1.2958456081515077
0.5615615615615616,4.711367090830086,2.1879608033029028
0.5625625625625625,7.208672189245772,6.248686387306221
0.5635635635635635,8.99894050523313,8.322690652908845
0.5645645645645646,9.906579985694338,8.032067517347098
0.5655655655655656,9.842568064333662,10.15477530448862
0.5665665665665666,8.813183121098007,9.130823150549153
0.5675675675675675,6.919388689775577,5.396170406377399
0.5685685685685685,4.346930811544106,3.9829200167013683
0.5695695695695696,1.3481198000657344,-0.6012840703641127
0.5705705705705706,-1.7829167115798579,-2.2286681493805203
0.5715715715715716,-4.739082225904512,-2.2859206992119523
0.5725725725725725,-7.230431840614954,-6.814704200877616
0.5735735735735735,-9.012610455459356,-11.402242980113819
0.5745745745745746,-9.910819466690205,-11.663112172913127
0.5755755755755756,-9.836961261796091,-12.661276923271643
0.5765765765765766,-8.79827995816427,-10.87041221969626
0.5775775775775776,-6.896650889782592,-5.956967640803008
0.5785785785785785,-4.318588530133203,-2.985953293719753
0.5795795795795796,-1.3169528883562156,-0.3667642936500992
0.5805805805805806,1.8138513587265226,2.303534351897122
0.5815815815815816,4.766750494464278,6.6440054711690815
0.5825825825825826,7.252119987603969,7.421907192305413
0.5835835835835835,9.026191276690334,8.01903367527953
0.5845845845845846,9.914960935973882,9.237436579020834
0.5855855855855856,9.831257177957047,12.01512586047194
0.5865865865865866,8.783289785827705,9.559946400814576
0.5875875875875876,6.873844886291139,7.091699821816039
0.5885885885885885,4.290203540623317,7.024993909634767
0.5895895895895896,1.2857729528184714,1.4693224143275203
0.5905905905905906,-1.8447680680348488,-1.5096349344971256
0.5915915915915916,-4.794371622888024,-3.257567869242109
0.5925925925925926,-7.273736415730423,-7.220618993321838
0.5935935935935935,-9.039682834620116,-10.015577834833941
0.5945945945945946,-9.919004352588791,-6.488939965475367
0.5955955955955956,-9.825455869226246,-9.294872533618939
0.5965965965965966,-8.768212752331598,-11.825075996239528
0.5975975975975976,-6.850970904837909,-7.423127483192895
0.5985985985985985,-4.261776123724486,-7.341215239341525
0.5995995995995996,-1.2545803018028325,-0.36471587211169143
0.6006006006006006,1.8756665337584892,3.5041989274753185
0.6016016016016016,4.821945338020326,2.167859740898346
0.6026026026026026,7.295280911221759,7.694417767232039
0.6036036036036035,9.053084995825886,7.555601492225617
0.6046046046046046,9.922949676548146,9.437113456884092
0.6056056056056056,9.819557392975053,8.257763918223949
0.6066066066066066,8.753049006778097,8.661070387308877
0.6076076076076076,6.828029171632055,6.24690987787462
0.6086086086086087,4.233306560565299,4.8128729553574265
0.6096096096096096,1.2233752437845316,1.8081050632007003
0.6106106106106106,-1.906546450330677,-1.8125330335307919
0.6116116116116116,-4.849471367174898,-5.076716155636611
0.6126126126126126,-7.3167532610167925,-8.030398400018957
0.6136136136136137,-9.066397627769016,-8.916653417605543
0.6146146146146146,-9.926796868835202,-9.748321470603772
0.6156156156156156,-9.813561807535597,-9.632253856345475
0.6166166166166166,-8.737798699127294,-8.800183436554338
0.6176176176176176,-6.805019913552545,-8.09308671567241
0.6186186186186187,-4.20479513269192,-6.641144122923657
0.6196196196196196,-1.1921580873617803,-2.3291466119190796
0.6206206206206206,1.9374075123689216,-0.10053494702934551
0.6216216216216216,4.876949438136289,3.5272108544901917
0.6226226226226226,7.338153252767228,6.159784659354901
0.6236236236236237,9.079620598795547,7.13929091887801
0.6246246246246246,9.9305458914037,10.39668958684551
0.6256256256256256,9.807469172200417,9.07324633110315
0.6266266266266266,8.722461980194915,8.42383307469358
0.6276276276276276,6.7819433581467505,4.170376794285886
0.6286286286286287,4.176242122064526,3.8199024514444764
0.6296296296296297,1.160929141252154,-1.473794296951305
0.6306306306306306,-1.9682494146771918,-1.3815478037811437
0.6316316316316316,-4.904379279164072,-3.2875320089964024
0.6326326326326326,-7.359480674840925,-6.082560778494395
0.6336336336336337,-9.092753778138933,-10.840517711136956
0.6346346346346347,-9.934196707178119,-11.869000327369307
0.6356356356356356,-9.801279547221746,-10.099847707227763
0.6366366366366366,-8.707039001651372,-9.354601089715773
0.6376376376376376,-6.758799733626942,-5.665724868047118
0.6386386386386387,-4.147647811054006,-5.9395726740201
0.6396396396396397,-1.1296887142906675,-0.43130441186069
0.6406406406406406,1.9990718522480975,3.201708703367803
0.6416416416416416,4.931760618994781,1.635980301722201
0.6426426426426426,7.380735316323221,8.09775977744618
0.6436436436436437,9.105797035920366,9.671748383979853
0.6446446446446447,9.937749280054245,10.202423733046496
0.6456456456456456,9.794992993811162,8.734778370356098
0.6466466466466466,8.691529916019988,8.888195475757408
0.6476476476476476,6.735589268868876,5.54605516571119
0.6486486486486487,4.119012482439684,5.26987865495411
0.6496496496496497,1.0984371154250268,3.2084263024412865
0.6506506506506506,-2.0298745202675783,-4.077433202204173
0.6516516516516516,-4.959093186843856,-4.017905958001304
0.6526526526526526,-7.4019169670194,-5.588303402804831
0.6536536536536537,-9.118750243150428,-10.54319503563638
0.6546546546546547,-9.941203574899385,-9.650484017275403
0.6556556556556556,-9.788609574138631,-11.154392689738135
0.6566566566566566,-8.675934876676056,-7.507305895182242
0.6576576576576576,-6.7123121934091,-7.076763127381685
0.6586586586586587,-4.090336419407297,-4.032047959529859
0.6596596596596597,-1.0671746537134206,-2.5315435290118935
0.6606606606606606,2.060657114116805,4.497787607545867
0.6616616616616616,4.9863767124098,6.342165822410389
0.6626626626626626,7.423025417455999,5.886786042751032
0.6636636636636637,9.131613271729888,11.034805756126715
0.6646646646646647,9.94455955755279,11.667348694999431
0.6656656656656657,9.78212935133212,11.828862148635766
0.6666666666666666,8.660254037844474,9.164215608233384
0.6676676676676676,6.688968737443533,9.211536024071101
0.6686686686686687,4.061619905544641,3.83768360411036
0.6696696696696697,1.035901638322312,0.33350392226063097
0.6706706706706707,-2.0914193293757446,-4.11625404619767
0.6716716716716716,-5.013610925875868,-3.160187594227674
0.6726726726726726,-7.444060458884037,-6.8001586092207065
0.6736736736736737,-9.144385994451676,-9.919190910704772
0.6746746746746747,-9.947817194825856,-10.16060675000713
0.6756756756756757,-9.775552389476855,-9.320177715223064
0.6766766766766766,-8.64448755459864,-8.715842251934923
0.6776776776776777,-6.6655591318235,-4.0326928139998675
0.6786786786786787,-4.032863224839811,-5.969830297953593
0.6796796796796797,-1.0046183785216862,0.3800403477691632
0.6806806806806807,2.122160861825064,1.584622624495804
0.6816816816816816,5.040795557913226,5.417218544118655
0.6826826826826827,7.465021883280687,7.959683412189492
0.6836836836836837,9.157068285001674,9.847073930189001
0.6846846846846847,9.950976454502655,9.568016976451192
0.6856856856856857,9.768878753614938,13.235141240044214
0.6866866866866866,8.628635582859346,7.919429962061303
0.6876876876876877,6.6420836080559855,7.9157444698977955
0.6886886886886887,4.004066661677857,3.167532211142035
0.6896896896896897,0.9733251836831204,-0.6032370878967978
0.6906906906906907,-2.1528814074508023,-0.6557936373639912
0.6916916916916916,-5.067930339682628,-6.651721739757648
0.6926926926926927,-7.485909483350014,-8.681209711053171
0.6936936936936937,-9.169660017960195,-9.578695420692913
0.6946946946946947,-9.95403730534014,-12.361965726174994
0.6956956956956957,-9.762108509744326,-11.226905722745402
0.6966966966966966,-8.612698279392387,-9.138288636147786
0.6976976976976977,-6.618542398298591,-8.357190129099822
0.6986986986986987,-3.9752305008390283,-3.2870464304304
0.6996996996996997,-0.9420223632761614,0.2544789018368342
0.7007007007007007,2.1835806624462677,4.461033199444364
0.7017017017017017,5.09501500283856,6.994125209864949
0.7027027027027027,7.506723052527294,7.25613750623374
0.7037037037037037,9.182161068802767,9.066025188393144
0.7047047047047047,9.956999717068381,9.581486308368854
0.7057057057057057,9.755241724818376,10.277774220991938
0.7067067067067067,8.596675801807578,10.709410265403237
0.7077077077077077,6.594935735358936,5.568224984406285
0.7087087087087087,3.9463550274943877,2.173611599496647
0.7097097097097097,0.9107102268663946,0.21010288771150976
0.7107107107107107,-2.214258323215596,-3.8012519921652643
0.7117117117117117,-5.122049279530896,-3.6723739829452176
0.7127127127127127,-7.52746238497954,-6.360063462801338
0.7137137137137137,-9.194571313902046,-9.014480345818304
0.7147147147147147,-9.95986366039104,-7.149112721945892
0.7157157157157157,-9.74827846674535,-7.34231858004074
0.7167167167167167,-8.580568308556899,-4.169683658514515
0.7177177177177178,-6.571263852691715,-6.635735885913094
0.7187187187187187,-3.9174405272040334,-7.76312780031583
0.7197197197197197,-0.8793890841106866,0.3491287429887142
0.7207207207207207,2.244914086375645,0.06197825381218536
0.7217217217217217,5.149032902408049,4.142830753357265
0.7227227227227228,7.548127275608109,7.96095779643654
0.7237237237237237,9.206890630528699,9.896453042186252
0.7247247247247247,9.962629106985533,6.75941627474288
0.7257257257257257,9.741218804387392,5.498577241811743
0.7267267267267267,8.564375958933528,9.769061491984013
0.7277277277277278,6.547526984397245,7.077187234439198
0.7287287287287287,3.888487285913755,4.9806713328481
0.7297297297297297,0.8480592447552536,2.1007784387416835
0.7307307307307307,-2.275547648760657,-3.0426438942856695
0.7317317317317317,-5.1759656046186295,-4.028546913620421
0.7327327327327328,-7.56871752004998,-7.909033394745435
0.7337337337337337,-9.219118896852285,-8.617389441717405
0.7347347347347347,-9.965296029503373,-10.746201193014569
0.7357357357357357,-9.734062807560077,-8.557616819112933
0.7367367367367368,-8.548098913069229,-7.895494323362028
0.7377377377377378,-6.523725365217871,-8.315297167372147
0.7387387387387387,-3.859495589953248,-2.4243734186872867
0.7397397397397397,-0.8167210186320327,-2.629449076789678
0.7407407407407407,2.306158707424426,4.142380200245865
0.7417417417417418,5.202847119816046,4.120528184445173
0.7427427427427428,7.589232914680894,5.075759813001925
0.7437437437437437,9.231255991943122,6.93485166745292
0.7447447447447447,9.967864401570342,11.067547646723563
0.7457457457457457,9.726810547031604,10.596765488000115
0.7467467467467468,8.531737331933794,10.39830530032214
0.7477477477477478,6.499859230536495,3.44902299618369
0.7487487487487487,3.8304657260317185,6.002188421905126
0.7497497497497497,0.7853747156567502,0.0986718287999161
0.7507507507507507,-2.3367469596424635,-2.242563905215855
0.7517517517517518,-5.2296771821582055,-7.464774122762958
0.7527527527527528,-7.609673256616808,-10.242812452857354
0.7537537537537538,-9.24330179577305,-7.609127440634903
0.7547547547547547,-9.970334197786894,-9.692238236540247
0.7557557557557557,-9.719462094522362,-7.781549285291235
0.7567567567567568,-8.515291377333025,-8.594005642276272
0.7577577577577578,-6.47592881637382,-7.869913036040662
0.7587587587587588,-3.8013979812360903,-7.24680376947156
0.7597597597597597,-0.7540206458241576,-0.45559437411910475
0.7607607607607607,2.3673121029166513,2.8332653643898316
0.7617617617617618,5.256455526313313,3.5578153865068343
0.7627627627627628,7.630038343715348,8.536109691875412
0.7637637637637638,9.255256189216821,7.893888212937261
0.7647647647647647,9.972705393728313,10.479457272350713
0.7657657657657657,9.71201752270381,10.46584424766498
0.7667667667667668,8.498761211906823,9.441144025490756
0.7677677677677678,6.451934359386879,5.6946201472396005
0.7687687687687688,3.772292643027641,5.449755077318764
0.7697697697697697,0.722659119205816,-1.1442409446213295
0.7707707707707707,-2.397853834977128,-2.946670507879398
0.7717717717717718,-5.283181887460545,-6.193629667200488
0.7727727727727728,-7.650327974578918,-8.10054837285859
0.7737737737737738,-9.267119054052857,-11.050864523592713
0.7747747747747747,-9.974977965944998,-11.69879163183909
0.7757757757757757,-9.704476905198037,-10.84401898221924
0.7767767767767768,-8.482146999128027,-10.544918026115427
0.7777777777777778,-6.427876096865406,-6.290823027676884
0.7787787787787788,-3.743149999240212,-5.464906794908995
0.7797797797797797,-0.6912904459478793,-0.032034711589194576
0.7807807807807807,2.42837185378583,3.288585834645937
0.7817817817817818,5.309856001293401,6.929642820661197
0.7827827827827828,7.6705419485559485,6.927754801725067
0.7837837837837838,9.278890272965068,8.962890287461647
0.7847847847847848,9.97715189196261,9.267166590100995
0.7857857857857857,9.696840316576898,10.960625246839518
0.7867867867867868,8.465448903300505,8.202550167238902
0.7877877877877878,6.403754266730122,3.5228707912281507
0.7887887887887888,3.713970338075786,2.3356993458066713
0.7897897897897898,0.6599149362663266,0.8209697465176609
0.7907907907907907,-2.4588658575383757,-4.0818331916600625
0.7917917917917918,-5.336477604021345,-6.919012757970806
0.7927927927927928,-7.690680065743255,-8.506195508092976
0.7937937937937938,-9.29056972954357,-7.9210967911550805
0.7947947947947948,-9.979227150282421,-8.876171395917517
0.7957957957957957,-9.68910783236154,-6.4970673947984015
0.7967967967967968,-8.448667089558125,-7.635827848692192
0.7977977977977978,-6.379569107531048,-6.378050680857961
0.7987987987987988,-3.6847539481024216,-4.551921540112797
0.7997997997997998,-0.628532900445029,1.0298723703699468
0.8008008008008007,2.4893355446687044,4.9869429066212785
0.8018018018018018,5.3630464323738725,6.992529494867032
0.8028028028028028,7.710742126987277,7.4051486943987905
0.8038038038038038,9.302157308286057,8.707928848169205
0.8048048048048048,9.981203720381448,10.61411451580166
0.8058058058058059,9.681279529021182,8.78824271351849
0.8068068068068068,8.431801723862216,8.52637272382213
0.8078078078078078,6.355320858443838,6.284694620884403
0.8088088088088088,3.655501118252195,3.9700036473978564
0.8098098098098098,0.5971446488321126,-1.2421289228966317
0.8108108108108109,-2.519780613851505,-2.9287661606696664
0.8118118118118118,-5.389562223602137,-6.771554722883175
0.8128128128128128,-7.7307279338871515,-8.571614862779843
0.8138138138138138,-9.313652894598524,-9.351065052851991
0.8148148148148148,-9.983081582712678,-11.557709008567794
0.8158158158158159,-9.67335548397292,-10.55717819038161
0.8168168168168168,-8.41485297300039,-7.733924170294905
0.8178178178178178,-6.331009759268278,-3.94215300008214
0.8188188188188188,-3.626212137816491,-2.477018999698899
0.8198198198198198,-0.5657504918380251,-0.3524637407623291
0.8208208208208209,2.5502007640032724,0.8428672896952065
0.8218218218218218,5.416024715481801,6.865446999828325
0.8228228228228228,7.750637288796115,6.37146360522715
0.8238238238238238,9.325056374797025,12.41412282089869
0.8248248248248248,9.984860718705232,10.412302247586387
0.8258258258258259,9.665335775580306,9.941189017395976
0.8268268268268268,8.397821004585332,9.585393409607239
0.8278278278278278,6.3066360504257055,8.470803126246949
0.8288288288288288,3.596887296445261,3.953393372675584
0.8298298298298298,0.5343507399307637,-0.1687586146054738
0.8308308308308309,-2.580595694288585,-4.394892183056431
0.8318318318318318,-5.442433646315616,-4.751708711339139
0.8328328328328328,-7.770469994822927,-11.843104552706999
0.8338338338338338,-9.336367636108381,-11.440223281104226
0.8348348348348348,-9.986541110764568,-10.088780215182734
0.8358358358358359,-9.657220483153461,-8.666608359667867
0.8368368368368369,-8.380705987052247,-8.996406621269909
0.8378378378378378,-6.282199972956626,-6.60968453867301
0.8388388388388388,-3.567526884142303,-4.073714785313097
0.8398398398398398,-0.5029457036339392,0.2519987795601595
0.8408408408408409,2.61096510412088,1.889484980894864
0.8418418418418419,5.4687887549365035,4.523534818193456
0.8428428428428428,7.790225855834899,7.254532926475041
0.8438438438438438,9.3475865666714,10.01405576279169
0.8448448448448448,9.98812274227269,10.490773185240144
0.8458458458458459,9.649009686947327,8.593977889777584
0.8468468468468469,8.363508089657792,5.96435087279334
0.8478478478478478,6.257701768517887,5.775363639866165
0.8488488488488488,3.5381311912634548,2.0783529881966905
0.8498498498498498,0.47153569352342195,1.012259857297226
0.8508508508508509,-2.6413086931659757,-3.766023103679739
0.8518518518518519,-5.4950897807082155,-6.335613036100816
0.8528528528528528,-7.809904676459107,-6.02609382104411
0.8538538538538538,-9.358713055538178,-9.948706387384297
0.8548548548548548,-9.989605597588268,-8.765211335806011
0.8558558558558559,-9.640703468161467,-11.267585809551992
0.8568568568568569,-8.346227482478252,-7.289358655082184
0.8578578578578578,-6.233141679382063,-6.490018149536831
0.8588588588588588,-3.5087005085134555,-2.904102286714698
0.8598598598598598,-0.4401210202242699,0.11461194310899192
0.8608608608608609,2.6716261613450416,2.6618126714066506
0.8618618618618619,5.521336463530783,4.679069583709491
0.8628628628628628,7.829506262084509,9.286191270582744
0.8638638638638638,9.369746992674408,8.145055969805762
0.8648648648648649,9.990989662046829,7.305342226047579
0.8658658658658659,9.632301908939109,10.677981389203703
0.8668668668668669,8.328864336407863,9.313149406291235
0.8678678678678678,6.208519948432402,6.108249237293238
0.8688688688688688,3.479235126943072,3.9743037903879825
0.8698698698698699,0.4087019944070891,-0.9437139979264335
0.8708708708708709,-2.701917208838112,-0.5569976684775808
0.8718718718718719,-5.547528543841179,-3.3819327061701134
0.8728728728728729,-7.849030418863868,-9.597163939749352
0.8738738738738738,-9.380688268961656,-7.369794142324382
0.8748748748748749,-9.992274921960805,-9.587743812364609
0.8758758758758759,-9.623805092366343,-10.891829629257167
0.8768768768768769,-8.311418823156798,-7.571690320121228
0.8778778778778779,-6.183836819162187,-7.553576275982317
0.8788788788788788,-3.449735337946221,-4.2845879145494745
0.8798798798798799,-0.37727892678723296,-0.5764305765164841
0.8808808808808809,2.732181536084865,0.31865901036706346
0.8818818818818819,5.573665762616357,3.028870376509794
0.8828828828828829,7.868476953716021,7.2278031781456455
0.8838838838838838,9.391536776197643,6.296282828976895
0.8848848848848849,9.993461364619815,9.009418891902492
0.8858858858858859,9.615213102471285,10.090117355270396
0.8868868868868869,8.293891115250737,8.172252524105494
0.8878878878878879,6.159092535671899,4.824700508324327
0.8888888888888888,3.420201433256552,4.169957105715349
0.8898898898898899,0.34585212811775423,1.3910336737843636
0.8908908908908909,-2.7624188437908654,-1.867437770092001
0.8918918918918919,-5.599747861375816,-4.0418961404813745
0.8928928928928929,-7.887845674326382,-8.79699740471948
0.8938938938938938,-9.402292407097526,-11.256802891681993
0.8948948948948949,-9.994548978290696,-6.95514401719228
0.8958958958958959,-9.606526024223266,-8.343467194212362
0.8968968968968969,-8.276281386027271,-5.5225255809489875
0.8978978978978979,-6.134287342666792,-6.6994904166540055
0.8988988988988988,-3.3906337049467,-2.6450070651976585
0.8998998998998999,-0.31442190919087504,-0.4875055394232264
0.9009009009009009,2.792628832928337,5.268349803773786
0.9019019019019019,5.62577458218416,7.272547168009993
0.9029029029029029,7.907136389150951,7.367787492267556
0.9039039039039038,9.41295505529494,8.084219731910386
0.9049049049049049,9.99553775221764,9.605831976312437
0.9059059059059059,9.597743943531812,9.169991606470262
0.9069069069069069,8.258589809635438,4.673350930588394
0.9079079079079079,6.109421485454472,6.672213116012885
0.9089089089089089,3.3610324454221914,3.8985716231819234
0.9099099099099099,0.2829885808309378,0.8435206519218669
0.9109109109109109,-2.8228112047396694,-3.5995756499119267
0.9119119119119119,-5.651745667654114,-5.806066569921031
0.9129129129129129,-7.926348907416807,-8.859929023830608
0.9139139139139139,-9.423524615343066,-10.13987660864572
0.914914914914915,-9.996427676622297,-11.842863673374998
0.9159159159159159,-9.588866947246444,-10.131014308129256
0.9169169169169169,-8.240816561033702,-7.404094047812415
0.9179179179179179,-6.084495209942034,-5.803046337559123
0.9189189189189189,-3.331397947420689,-3.2216023322332457
0.91991991991992,-0.25155245389360337,0.1499782293063064
0.9209209209209209,2.8529656607403657,2.2612363945155374
0.9219219219219219,5.677660860947191,4.415575424296522
0.9229229229229229,7.945483039124342,8.425582718800168
0.9239239239239239,9.434000982715663,8.892626441707307
0.924924924924925,9.997218742703883,10.319196378687812
0.9259259259259259,9.57989512315486,9.09994878679278
0.9269269269269269,8.222961815988203,10.898515043261954
0.9279279279279279,6.059508762635414,7.341549579989627
0.9289289289289289,3.3017305040085643,4.372628291258914
0.92992992992993,0.22011383926220845,2.3613009822140825
0.9309309309309309,-2.883091902722002,-3.741041464187973
0.9319319319319319,-5.703519905779055,-7.421200265970214
0.9329329329329329,-7.964538595049143,-7.3769002147016165
0.933933933933934,-9.4443840538083,-10.008555486295155
0.934934934934935,-9.997910942639267,-10.150735780294275
0.9359359359359359,-9.570828559982704,-11.107492367313094
0.9369369369369369,-8.205025751071034,-7.140400498462382
0.9379379379379379,-6.034462390634264,-1.818915635565836
0.938938938938939,-3.2720304085774594,-4.0977391589109855
0.93993993993994,-0.18867304784469172,0.9095026548669839
0.9409409409409409,2.9131896327557154,1.9671145652547743
0.9419419419419419,5.729322546420168,4.0676459546402075
0.9429429429429429,7.983515386743859,6.298712158243598
0.943943943943944,9.454673725938616,8.95699578588813
0.944944944944945,9.998504269583009,11.71555791512947
0.9459459459459459,9.56166734739253,10.598063964007025
0.9469469469469469,8.187008543658166,8.841090352522876
0.9479479479479479,6.009356341631302,7.645763217383499
0.948948948948949,3.2422979548435347,2.098193216750904
0.94994994994995,0.1572303905705188,-0.3098519819918223
0.950950950950951,-2.9432585531929774,-2.2597212933176616
0.9519519519519519,-5.755068527698796,-5.4031540218292635
0.9529529529529529,-8.00241322654007,-9.688433725688405
0.953953953953954,-9.464869897348478,-6.4891149162158825
0.954954954954955,-9.99899871766749,-8.484435922749752
0.955955955955956,-9.552411575982916,-11.634820511001264
0.9569569569569569,-8.168910371928988,-6.798702299157891
0.9579579579579579,-5.984190863909412,-5.424251121038289
0.958958958958959,-3.212533436841346,-2.8919363478628926
0.95995995995996,-0.12578617838760736,1.6152822620985743
0.960960960960961,2.9732983666717985,2.540202704727898
0.9619619619619619,5.780757595003533,8.941592386397854
0.9629629629629629,8.021231927550474,8.90924846762098
0.963963963963964,9.474972467204406,8.178545824331326
0.964964964964965,9.999394282002937,8.079827967382036
0.965965965965966,9.543061337287563,12.298947788796337
0.9669669669669669,8.150731414862607,7.887684471548113
0.9679679679679679,5.958966206339191,6.987020190026344
0.968968968968969,3.182737148923078,5.1900274875174075
0.96996996996997,0.09434072225868392,-0.9248530015747124
0.970970970970971,-3.003308776117496,-5.2059446260734275
0.9719719719719719,-5.80638949428581,-6.331551609483995
0.9729729729729729,-8.03997130366939,-10.48678679173766
0.973973973973974,-9.48498133559803,-9.417469377315152
0.974974974974975,-9.99969095867747,-10.131474512752852
0.975975975975976,-9.533616723774223,-11.722757838824513
0.9769769769769769,-8.132471852237366,-6.674141717449563
0.9779779779779779,-5.933682618376489,-6.243115457421986
0.978978978978979,-3.1529093857551005,-2.5582845699957506
0.97997997997998,-0.06289433316048187,0.8202315090311729
0.980980980980981,3.0332894847461738,1.438681812146424
0.9819819819819819,5.831963972062878,7.772954266970963
0.9829829829829829,8.058631169576623,7.245713006877676
0.983983983983984,9.494896403548184,8.23433117663281
0.984984984984985,9.99988874475714,9.140827168074765
0.985985985985986,9.52407782884447,10.622736914809137
0.986986986986987,8.114131864628746,6.514922379574594
0.9879879879879879,5.908340350059937,3.6019360454013825
0.988988988988989,3.123050442315054,4.0280321036569235
0.98998998998999,0.031447322077255965,0.5156847712048099
0.990990990990991,-3.063240196067658,-3.5997553520626058
0.991991991991992,-5.857480775418466,-5.5657155211306355
0.992992992992993,-8.077211340738284,-8.655396738311744
0.993993993993994,-9.504717573001138,-9.31666254819454
0.994994994994995,-9.999987638285974,-9.150798063197277
0.995995995995996,-9.51444474683175,-9.786616936992669
0.996996996996997,-8.09571163340758,-9.332239370329898
0.997997997997998,-5.882939652008021,-6.240676697803533
0.998998998998999,-3.093160613888392,-3.0997047413361027
1.0,1.964386723728472e-14,-1.3957633693930624
